-- ============================================================
-- Retail Sales Analytics — Seed data (generated)
-- ============================================================
USE retail_analytics;

-- stores
INSERT INTO stores (store_id, store_name, city, region, opening_date) VALUES
(1,'Paris Centre','Paris','Ile-de-France','2019-01-15'),
(2,'Lyon Part-Dieu','Lyon','Auvergne-Rhone-Alpes','2019-06-01'),
(3,'Marseille Sud','Marseille','PACA','2020-03-10'),
(4,'Lille Centre','Lille','Hauts-de-France','2021-09-01'),
(5,'Online Store','National','National','2018-01-01');

-- employees
INSERT INTO employees (employee_id, full_name, store_id, hire_date, role) VALUES
(1,'Lucas Robert',1,'2020-05-16','Vendeur Senior'),
(2,'Louis Bernard',1,'2022-10-17','Vendeur'),
(3,'Ethan Durand',1,'2019-03-07','Vendeur'),
(4,'Hugo Thomas',1,'2020-04-21','Vendeur'),
(5,'Lola Thomas',1,'2023-01-06','Manager Magasin'),
(6,'Mathis Simon',2,'2020-07-23','Vendeur'),
(7,'Chloe Durand',2,'2020-11-27','Manager Magasin'),
(8,'Adam Dubois',2,'2020-03-16','Responsable Rayon'),
(9,'Lea Bernard',2,'2021-02-17','Vendeur'),
(10,'Sarah Petit',2,'2022-05-21','Responsable Rayon'),
(11,'Emma Leroy',2,'2022-01-03','Vendeur'),
(12,'Hugo Moreau',3,'2020-08-23','Responsable Rayon'),
(13,'Ethan Thomas',3,'2022-12-13','Vendeur'),
(14,'Emma Thomas',3,'2023-05-03','Manager Magasin'),
(15,'Camille Bernard',3,'2023-10-18','Vendeur Senior'),
(16,'Lea Durand',3,'2020-07-23','Manager Magasin'),
(17,'Sarah Dubois',3,'2021-01-28','Responsable Rayon'),
(18,'Jules Robert',3,'2022-12-08','Vendeur'),
(19,'Eva Dubois',3,'2021-12-29','Vendeur Senior'),
(20,'Mathis Durand',4,'2020-07-06','Vendeur Senior'),
(21,'Nathan Martin',4,'2020-04-14','Manager Magasin'),
(22,'Emma Petit',4,'2021-04-01','Responsable Rayon'),
(23,'Hugo Thomas',4,'2022-03-07','Responsable Rayon'),
(24,'Jules Leroy',4,'2021-03-21','Manager Magasin'),
(25,'Louis Robert',4,'2019-10-13','Vendeur Senior'),
(26,'Ethan Durand',5,'2022-04-10','Manager Magasin'),
(27,'Sarah Thomas',5,'2019-10-11','Manager Magasin'),
(28,'Hugo Martin',5,'2023-10-30','Manager Magasin'),
(29,'Lea Dubois',5,'2022-07-09','Vendeur Senior'),
(30,'Ines Simon',5,'2019-05-11','Manager Magasin'),
(31,'Theo Simon',5,'2021-08-16','Responsable Rayon'),
(32,'Lola Martin',5,'2022-10-25','Vendeur');

-- categories
INSERT INTO categories (category_id, category_name) VALUES
(1,'Electronique'),
(2,'Mobilier'),
(3,'Vetements'),
(4,'Sport'),
(5,'Maison & Jardin');

-- products
INSERT INTO products (product_id, product_name, category_id, unit_cost, unit_price) VALUES
(1,'Laptop Pro 15',1,650,1199),
(2,'Smartphone X12',1,380,799),
(3,'Ecouteurs sans fil',1,25,79),
(4,'Tablette 10in',1,180,349),
(5,'Montre connectee',1,60,199),
(6,'Canape 3 places',2,320,899),
(7,'Table a manger',2,150,449),
(8,'Chaise bureau ergo',2,80,249),
(9,'Bureau debout',2,140,399),
(10,'Etagere modulable',2,45,129),
(11,'T-shirt coton bio',3,4,19),
(12,'Jean slim',3,12,59),
(13,'Veste hiver',3,35,149),
(14,'Baskets running',3,28,99),
(15,'Pull laine',3,18,79),
(16,'Velo ville',4,180,449),
(17,'Tapis de course',4,250,699),
(18,'Haltere set 20kg',4,30,89),
(19,'Sac de sport',4,8,39),
(20,'Montre sport GPS',4,55,179),
(21,'Robot tondeuse',5,290,799),
(22,'Aspirateur robot',5,160,449),
(23,'Barbecue gaz',5,120,349),
(24,'Set jardinage',5,15,49),
(25,'Lampe exterieur solaire',5,9,29);

-- customers
INSERT INTO customers (customer_id, full_name, city, signup_date, loyalty_member) VALUES
(1,'Lola Robert','Nantes','2022-04-25',1),
(2,'Chloe Leroy','Paris','2024-09-03',0),
(3,'Adam Moreau','Marseille','2023-06-04',0),
(4,'Camille Moreau','Rennes','2022-07-23',1),
(5,'Chloe Moreau','Nice','2024-07-29',1),
(6,'Nathan Leroy','Paris','2022-04-25',0),
(7,'Camille Thomas','Paris','2022-09-04',0),
(8,'Hugo Bernard','Strasbourg','2024-04-15',1),
(9,'Lola Dubois','Marseille','2023-11-07',0),
(10,'Lola Dubois','Toulouse','2023-06-25',0),
(11,'Ines Thomas','Nice','2024-02-13',0),
(12,'Jules Robert','Bordeaux','2023-11-19',0),
(13,'Mathis Moreau','Strasbourg','2022-05-04',1),
(14,'Hugo Petit','Paris','2023-08-26',0),
(15,'Ethan Thomas','Paris','2022-03-14',0),
(16,'Emma Thomas','Lyon','2024-07-16',1),
(17,'Nathan Bernard','Nice','2022-09-01',1),
(18,'Zoe Thomas','Nice','2022-05-16',0),
(19,'Ethan Simon','Strasbourg','2022-09-06',0),
(20,'Ines Thomas','Lyon','2022-04-10',0),
(21,'Sarah Durand','Bordeaux','2023-04-24',0),
(22,'Emma Bernard','Paris','2023-02-17',0),
(23,'Lea Thomas','Lille','2022-07-14',0),
(24,'Louis Durand','Marseille','2022-10-13',0),
(25,'Hugo Leroy','Nice','2022-04-11',1),
(26,'Lola Martin','Lyon','2024-08-06',0),
(27,'Manon Dubois','Bordeaux','2023-05-13',0),
(28,'Theo Martin','Marseille','2023-01-24',1),
(29,'Theo Robert','Strasbourg','2022-10-20',0),
(30,'Lola Leroy','Marseille','2022-07-14',1),
(31,'Emma Simon','Nice','2022-03-04',0),
(32,'Emma Martin','Rennes','2023-05-04',0),
(33,'Noah Dubois','Paris','2024-09-10',0),
(34,'Chloe Bernard','Rennes','2022-03-11',0),
(35,'Manon Durand','Lyon','2024-08-22',0),
(36,'Manon Simon','Rennes','2022-02-10',0),
(37,'Ines Simon','Rennes','2023-06-20',1),
(38,'Adam Thomas','Nantes','2022-09-02',1),
(39,'Louis Robert','Strasbourg','2022-11-20',0),
(40,'Hugo Martin','Strasbourg','2023-09-29',0),
(41,'Lea Bernard','Nice','2022-08-07',0),
(42,'Louis Petit','Lyon','2024-06-19',1),
(43,'Camille Dubois','Strasbourg','2024-05-03',0),
(44,'Camille Simon','Nice','2022-01-09',0),
(45,'Lola Robert','Lyon','2024-08-19',0),
(46,'Adam Bernard','Lyon','2024-01-31',0),
(47,'Adam Robert','Rennes','2022-08-04',0),
(48,'Jules Robert','Nice','2023-05-16',1),
(49,'Emma Bernard','Bordeaux','2024-04-29',1),
(50,'Lucas Petit','Marseille','2023-10-15',0),
(51,'Chloe Leroy','Nice','2023-12-24',0),
(52,'Lucas Bernard','Lyon','2024-08-25',0),
(53,'Louis Moreau','Paris','2024-05-04',0),
(54,'Lola Dubois','Bordeaux','2022-05-11',1),
(55,'Sarah Martin','Nantes','2022-08-04',0),
(56,'Lea Petit','Nice','2024-06-24',0),
(57,'Eva Dubois','Lille','2024-06-04',1),
(58,'Chloe Durand','Paris','2022-07-03',0),
(59,'Nathan Durand','Lille','2022-10-01',1),
(60,'Lea Durand','Paris','2024-05-29',0),
(61,'Jules Leroy','Nantes','2022-11-09',0),
(62,'Manon Thomas','Paris','2023-11-07',1),
(63,'Nathan Robert','Lyon','2024-09-17',0),
(64,'Sarah Moreau','Bordeaux','2023-11-27',0),
(65,'Lola Petit','Paris','2022-04-29',0),
(66,'Adam Dubois','Rennes','2024-09-12',0),
(67,'Emma Bernard','Rennes','2023-03-21',1),
(68,'Nathan Durand','Rennes','2023-06-08',1),
(69,'Ethan Thomas','Toulouse','2022-02-15',0),
(70,'Lucas Moreau','Nice','2023-12-05',0),
(71,'Jules Petit','Bordeaux','2022-03-13',0),
(72,'Nathan Simon','Nantes','2023-11-11',0),
(73,'Camille Moreau','Toulouse','2023-11-14',0),
(74,'Theo Robert','Nice','2022-05-11',1),
(75,'Theo Dubois','Rennes','2023-08-06',1),
(76,'Lola Martin','Toulouse','2022-10-21',1),
(77,'Ethan Simon','Nantes','2023-04-22',0),
(78,'Jules Moreau','Strasbourg','2024-03-23',0),
(79,'Chloe Bernard','Toulouse','2023-06-12',0),
(80,'Eva Petit','Lyon','2024-04-18',0),
(81,'Manon Robert','Lille','2024-04-05',1),
(82,'Lucas Martin','Lille','2023-05-02',0),
(83,'Hugo Leroy','Bordeaux','2024-06-26',0),
(84,'Jules Durand','Strasbourg','2023-02-14',1),
(85,'Lucas Bernard','Bordeaux','2022-08-13',1),
(86,'Noah Leroy','Paris','2023-07-25',1),
(87,'Lea Leroy','Marseille','2024-03-31',0),
(88,'Noah Moreau','Rennes','2022-11-21',0),
(89,'Mathis Simon','Nice','2023-03-13',0),
(90,'Lola Leroy','Marseille','2024-02-01',0),
(91,'Mathis Robert','Lille','2024-05-10',0),
(92,'Noah Leroy','Lille','2022-10-09',0),
(93,'Camille Thomas','Toulouse','2022-12-10',1),
(94,'Lola Bernard','Marseille','2022-06-04',1),
(95,'Louis Thomas','Lyon','2023-03-01',0),
(96,'Lola Leroy','Bordeaux','2022-03-05',1),
(97,'Ines Durand','Rennes','2024-08-26',0),
(98,'Ethan Durand','Strasbourg','2022-01-07',0),
(99,'Camille Durand','Bordeaux','2023-07-06',0),
(100,'Lola Simon','Lille','2023-05-15',1),
(101,'Ines Leroy','Paris','2023-02-03',1),
(102,'Theo Dubois','Strasbourg','2024-07-30',1),
(103,'Eva Moreau','Paris','2024-07-17',0),
(104,'Ethan Martin','Lyon','2023-10-21',0),
(105,'Mathis Dubois','Paris','2022-09-24',0),
(106,'Jules Leroy','Nantes','2022-12-12',0),
(107,'Theo Robert','Bordeaux','2022-09-16',0),
(108,'Zoe Martin','Nice','2022-02-23',0),
(109,'Sarah Thomas','Lyon','2024-03-10',0),
(110,'Emma Martin','Lille','2022-07-24',0),
(111,'Eva Dubois','Lille','2022-05-10',0),
(112,'Lea Simon','Lille','2023-04-22',0),
(113,'Sarah Dubois','Rennes','2023-09-14',0),
(114,'Lea Dubois','Toulouse','2022-04-21',0),
(115,'Camille Simon','Bordeaux','2023-02-11',0),
(116,'Jules Bernard','Rennes','2023-12-09',0),
(117,'Manon Bernard','Toulouse','2024-05-20',0),
(118,'Lea Simon','Paris','2022-12-22',0),
(119,'Sarah Bernard','Nice','2023-10-26',1),
(120,'Ines Leroy','Lyon','2023-03-20',0),
(121,'Mathis Dubois','Bordeaux','2022-06-30',0),
(122,'Adam Simon','Nice','2024-03-04',0),
(123,'Ines Simon','Toulouse','2022-11-27',0),
(124,'Hugo Robert','Strasbourg','2022-09-07',0),
(125,'Ethan Simon','Bordeaux','2022-12-11',1),
(126,'Nathan Dubois','Strasbourg','2022-08-06',0),
(127,'Adam Petit','Toulouse','2024-06-20',0),
(128,'Adam Moreau','Paris','2023-06-14',0),
(129,'Hugo Thomas','Bordeaux','2023-05-16',0),
(130,'Manon Leroy','Strasbourg','2023-04-04',0),
(131,'Hugo Robert','Lille','2023-02-19',0),
(132,'Camille Simon','Nantes','2023-04-30',0),
(133,'Sarah Durand','Nice','2022-12-05',0),
(134,'Mathis Robert','Toulouse','2022-09-15',1),
(135,'Jules Petit','Lyon','2024-01-31',0),
(136,'Chloe Thomas','Lille','2024-01-27',0),
(137,'Ethan Moreau','Rennes','2022-10-17',0),
(138,'Jules Robert','Lille','2023-01-05',1),
(139,'Lucas Moreau','Marseille','2022-10-08',1),
(140,'Emma Moreau','Toulouse','2023-12-16',0),
(141,'Zoe Bernard','Paris','2023-08-11',1),
(142,'Zoe Leroy','Nantes','2022-07-08',0),
(143,'Adam Leroy','Lyon','2024-04-21',1),
(144,'Zoe Bernard','Rennes','2023-10-07',0),
(145,'Louis Dubois','Rennes','2024-08-29',1),
(146,'Manon Bernard','Nice','2024-02-22',0),
(147,'Eva Simon','Lille','2024-03-05',0),
(148,'Mathis Leroy','Toulouse','2024-05-30',0),
(149,'Ines Robert','Rennes','2023-09-28',1),
(150,'Lea Thomas','Lille','2022-09-28',0),
(151,'Chloe Thomas','Marseille','2023-07-20',1),
(152,'Lucas Durand','Strasbourg','2023-12-07',0),
(153,'Camille Martin','Lille','2022-10-23',0),
(154,'Mathis Bernard','Lille','2024-08-04',1),
(155,'Ethan Thomas','Bordeaux','2022-04-28',0),
(156,'Louis Robert','Marseille','2022-03-15',1),
(157,'Camille Simon','Rennes','2024-08-01',1),
(158,'Lea Leroy','Toulouse','2023-12-18',0),
(159,'Adam Moreau','Nice','2023-05-21',0),
(160,'Eva Martin','Bordeaux','2024-01-23',1),
(161,'Adam Martin','Lyon','2022-08-23',0),
(162,'Ethan Simon','Paris','2024-02-23',0),
(163,'Adam Simon','Paris','2024-02-21',0),
(164,'Zoe Moreau','Strasbourg','2024-07-27',1),
(165,'Ethan Durand','Strasbourg','2024-09-19',1),
(166,'Sarah Durand','Nantes','2022-11-25',0),
(167,'Chloe Petit','Bordeaux','2023-12-12',0),
(168,'Theo Moreau','Paris','2023-04-11',1),
(169,'Adam Petit','Lyon','2024-09-20',0),
(170,'Noah Martin','Nice','2023-04-19',0),
(171,'Jules Moreau','Nantes','2023-09-30',0),
(172,'Mathis Martin','Lille','2022-10-01',0),
(173,'Camille Leroy','Strasbourg','2022-05-05',1),
(174,'Eva Thomas','Marseille','2022-11-15',0),
(175,'Lola Durand','Lyon','2022-08-19',0),
(176,'Lea Leroy','Lyon','2023-10-26',0),
(177,'Zoe Robert','Nice','2023-12-24',1),
(178,'Zoe Leroy','Lille','2023-04-13',0),
(179,'Theo Thomas','Rennes','2023-06-05',0),
(180,'Louis Bernard','Toulouse','2024-03-02',0),
(181,'Ines Petit','Nice','2022-10-01',0),
(182,'Camille Robert','Rennes','2023-08-17',0),
(183,'Zoe Dubois','Strasbourg','2023-07-06',0),
(184,'Nathan Moreau','Nice','2023-01-22',0),
(185,'Nathan Thomas','Lille','2023-08-09',0),
(186,'Ines Martin','Nantes','2024-02-02',0),
(187,'Theo Durand','Marseille','2023-05-23',0),
(188,'Louis Moreau','Rennes','2022-12-06',0),
(189,'Mathis Bernard','Nice','2024-07-21',0),
(190,'Louis Durand','Marseille','2022-03-18',0),
(191,'Adam Petit','Rennes','2023-12-11',0),
(192,'Hugo Petit','Nice','2023-01-25',0),
(193,'Zoe Moreau','Paris','2023-09-25',1),
(194,'Camille Thomas','Lyon','2023-03-21',0),
(195,'Lea Leroy','Marseille','2023-12-12',1),
(196,'Lucas Martin','Nantes','2024-03-26',1),
(197,'Sarah Petit','Bordeaux','2022-05-30',1),
(198,'Ines Simon','Marseille','2022-06-24',1),
(199,'Eva Durand','Rennes','2023-12-01',1),
(200,'Ethan Dubois','Lille','2023-04-18',0),
(201,'Mathis Robert','Paris','2024-07-09',0),
(202,'Camille Moreau','Marseille','2022-03-17',0),
(203,'Sarah Simon','Toulouse','2023-10-17',0),
(204,'Adam Leroy','Toulouse','2022-07-23',0),
(205,'Zoe Bernard','Lille','2023-01-26',0),
(206,'Ethan Robert','Toulouse','2022-01-23',0),
(207,'Theo Robert','Paris','2023-08-03',0),
(208,'Emma Simon','Strasbourg','2024-05-02',0),
(209,'Camille Thomas','Rennes','2024-04-01',0),
(210,'Jules Simon','Toulouse','2023-11-26',0),
(211,'Louis Bernard','Paris','2022-11-13',0),
(212,'Emma Simon','Nantes','2024-01-20',1),
(213,'Camille Petit','Bordeaux','2022-06-29',1),
(214,'Lola Petit','Nice','2023-05-29',0),
(215,'Chloe Robert','Strasbourg','2024-09-17',0),
(216,'Nathan Bernard','Strasbourg','2024-09-13',1),
(217,'Manon Durand','Nice','2023-01-10',1),
(218,'Theo Martin','Toulouse','2023-07-04',1),
(219,'Sarah Robert','Rennes','2023-01-26',0),
(220,'Sarah Bernard','Lille','2023-04-28',1),
(221,'Lola Petit','Rennes','2022-08-15',0),
(222,'Mathis Robert','Bordeaux','2022-04-30',1),
(223,'Emma Robert','Strasbourg','2022-04-29',1),
(224,'Lola Dubois','Bordeaux','2023-04-10',0),
(225,'Lola Durand','Rennes','2024-01-31',0),
(226,'Ines Bernard','Strasbourg','2023-09-23',0),
(227,'Adam Martin','Nantes','2022-08-11',0),
(228,'Manon Petit','Lyon','2023-12-04',0),
(229,'Sarah Martin','Bordeaux','2022-10-10',1),
(230,'Lea Leroy','Lyon','2023-11-10',1),
(231,'Eva Martin','Paris','2024-03-16',1),
(232,'Louis Simon','Lille','2022-03-12',0),
(233,'Lola Thomas','Rennes','2022-08-10',0),
(234,'Manon Petit','Marseille','2024-03-18',0),
(235,'Lucas Robert','Marseille','2022-05-14',0),
(236,'Chloe Bernard','Paris','2022-05-15',1),
(237,'Manon Simon','Nantes','2022-01-17',1),
(238,'Emma Dubois','Bordeaux','2023-06-23',1),
(239,'Hugo Leroy','Strasbourg','2024-03-07',0),
(240,'Ethan Bernard','Strasbourg','2023-05-31',1),
(241,'Eva Martin','Nice','2022-11-05',0),
(242,'Lucas Martin','Strasbourg','2024-05-17',0),
(243,'Lea Leroy','Strasbourg','2022-03-17',0),
(244,'Nathan Simon','Marseille','2022-03-09',1),
(245,'Eva Simon','Nice','2023-12-31',1),
(246,'Eva Moreau','Toulouse','2023-04-10',0),
(247,'Ines Bernard','Lyon','2024-05-23',0),
(248,'Lola Thomas','Bordeaux','2023-04-08',0),
(249,'Ines Petit','Strasbourg','2023-02-13',0),
(250,'Lea Petit','Bordeaux','2022-11-17',0),
(251,'Sarah Dubois','Strasbourg','2022-03-10',1),
(252,'Hugo Bernard','Bordeaux','2022-04-09',0),
(253,'Sarah Dubois','Nice','2022-03-03',0),
(254,'Lola Moreau','Nantes','2023-11-18',1),
(255,'Sarah Durand','Paris','2024-09-18',1),
(256,'Camille Petit','Lyon','2023-08-15',0),
(257,'Louis Leroy','Lille','2024-05-17',1),
(258,'Lola Petit','Lyon','2024-02-20',1),
(259,'Manon Durand','Nice','2024-09-24',0),
(260,'Eva Simon','Nice','2022-01-27',0),
(261,'Adam Martin','Marseille','2022-10-07',0),
(262,'Camille Petit','Nantes','2022-01-07',1),
(263,'Louis Simon','Bordeaux','2022-03-13',1),
(264,'Lucas Bernard','Nice','2022-08-09',0),
(265,'Mathis Petit','Marseille','2023-01-14',1),
(266,'Nathan Simon','Rennes','2022-03-28',0),
(267,'Louis Dubois','Rennes','2022-02-20',0),
(268,'Adam Leroy','Bordeaux','2023-05-13',0),
(269,'Ines Robert','Lille','2024-02-13',0),
(270,'Sarah Durand','Lyon','2022-10-18',0),
(271,'Ethan Leroy','Nice','2023-11-15',1),
(272,'Manon Durand','Rennes','2022-02-26',1),
(273,'Camille Thomas','Marseille','2024-02-22',1),
(274,'Nathan Bernard','Paris','2023-05-25',0),
(275,'Chloe Dubois','Bordeaux','2023-06-30',0),
(276,'Noah Moreau','Nantes','2022-03-15',0),
(277,'Emma Durand','Paris','2023-04-16',0),
(278,'Nathan Simon','Bordeaux','2023-08-11',0),
(279,'Ines Robert','Lyon','2023-02-19',1),
(280,'Nathan Dubois','Rennes','2023-04-17',0),
(281,'Sarah Bernard','Bordeaux','2024-05-14',1),
(282,'Ines Simon','Bordeaux','2023-06-21',1),
(283,'Camille Petit','Lille','2022-12-08',0),
(284,'Hugo Moreau','Lyon','2023-06-28',0),
(285,'Sarah Petit','Marseille','2022-08-30',1),
(286,'Adam Thomas','Marseille','2023-09-09',1),
(287,'Hugo Dubois','Strasbourg','2023-04-21',0),
(288,'Ethan Leroy','Rennes','2023-10-21',0),
(289,'Eva Petit','Nantes','2022-06-04',0),
(290,'Zoe Leroy','Toulouse','2024-03-26',1),
(291,'Emma Petit','Nice','2022-03-17',1),
(292,'Mathis Martin','Paris','2023-01-13',0),
(293,'Hugo Bernard','Rennes','2023-09-01',0),
(294,'Mathis Simon','Nice','2024-09-04',0),
(295,'Emma Leroy','Rennes','2023-10-30',1),
(296,'Eva Leroy','Nice','2022-06-04',0),
(297,'Mathis Bernard','Nantes','2024-01-02',1),
(298,'Chloe Martin','Lille','2023-12-26',0),
(299,'Mathis Moreau','Nice','2023-09-17',1),
(300,'Sarah Robert','Bordeaux','2023-02-23',0);

-- sales_orders
INSERT INTO sales_orders (order_id, customer_id, store_id, employee_id, order_date, payment_method) VALUES
(1,114,5,28,'2024-01-02','Carte bancaire'),
(2,172,5,27,'2024-01-02','Carte bancaire'),
(3,10,2,7,'2024-01-02','Cheque'),
(4,215,4,24,'2024-01-03','Cheque'),
(5,275,1,5,'2024-01-03','PayPal'),
(6,293,2,11,'2024-01-04','Carte bancaire'),
(7,23,4,22,'2024-01-04','Especes'),
(8,54,5,31,'2024-01-05','Especes'),
(9,238,5,29,'2024-01-05','PayPal'),
(10,23,5,26,'2024-01-06','Especes'),
(11,183,5,26,'2024-01-06','Especes'),
(12,255,4,22,'2024-01-06','Especes'),
(13,221,4,21,'2024-01-06','Especes'),
(14,180,2,11,'2024-01-08','Especes'),
(15,16,1,5,'2024-01-08','Cheque'),
(16,188,2,10,'2024-01-08','Carte bancaire'),
(17,204,2,8,'2024-01-10','PayPal'),
(18,288,1,3,'2024-01-12','Cheque'),
(19,70,5,29,'2024-01-12','PayPal'),
(20,90,5,30,'2024-01-13','PayPal'),
(21,284,3,19,'2024-01-15','PayPal'),
(22,246,3,18,'2024-01-15','Carte bancaire'),
(23,265,2,10,'2024-01-16','PayPal'),
(24,156,1,3,'2024-01-16','PayPal'),
(25,298,1,5,'2024-01-19','Especes'),
(26,296,2,7,'2024-01-19','Cheque'),
(27,149,4,22,'2024-01-19','Cheque'),
(28,31,1,4,'2024-01-19','Cheque'),
(29,264,3,17,'2024-01-20','PayPal'),
(30,82,5,30,'2024-01-20','Especes'),
(31,158,3,13,'2024-01-20','Cheque'),
(32,56,2,8,'2024-01-21','Especes'),
(33,231,5,28,'2024-01-21','Carte bancaire'),
(34,74,1,5,'2024-01-22','Cheque'),
(35,171,5,30,'2024-01-22','Cheque'),
(36,154,3,19,'2024-01-23','Especes'),
(37,243,2,11,'2024-01-23','PayPal'),
(38,269,4,24,'2024-01-23','Cheque'),
(39,98,1,3,'2024-01-23','Cheque'),
(40,242,5,31,'2024-01-24','Carte bancaire'),
(41,270,2,7,'2024-01-24','Cheque'),
(42,248,1,2,'2024-01-24','Especes'),
(43,163,3,16,'2024-01-24','Especes'),
(44,195,5,29,'2024-01-24','Especes'),
(45,227,4,25,'2024-01-24','Cheque'),
(46,123,1,5,'2024-01-25','PayPal'),
(47,52,4,21,'2024-01-25','Carte bancaire'),
(48,148,2,11,'2024-01-25','Carte bancaire'),
(49,274,4,20,'2024-01-26','PayPal'),
(50,55,5,28,'2024-01-26','Especes'),
(51,235,4,25,'2024-01-26','PayPal'),
(52,90,4,25,'2024-01-28','Cheque'),
(53,137,5,28,'2024-01-29','Carte bancaire'),
(54,82,2,10,'2024-01-29','Especes'),
(55,114,1,2,'2024-01-30','Cheque'),
(56,282,5,32,'2024-01-30','PayPal'),
(57,271,4,20,'2024-01-30','Carte bancaire'),
(58,168,5,29,'2024-01-31','Carte bancaire'),
(59,29,3,18,'2024-02-01','Cheque'),
(60,158,4,23,'2024-02-01','Especes'),
(61,33,3,12,'2024-02-02','Carte bancaire'),
(62,194,2,11,'2024-02-02','PayPal'),
(63,12,5,29,'2024-02-02','Cheque'),
(64,9,1,1,'2024-02-03','Carte bancaire'),
(65,25,1,1,'2024-02-03','Cheque'),
(66,296,3,17,'2024-02-03','PayPal'),
(67,90,4,23,'2024-02-04','Cheque'),
(68,196,5,28,'2024-02-04','Cheque'),
(69,30,3,18,'2024-02-04','PayPal'),
(70,27,2,11,'2024-02-04','Carte bancaire'),
(71,287,1,2,'2024-02-04','Especes'),
(72,105,2,7,'2024-02-05','Especes'),
(73,241,5,28,'2024-02-06','PayPal'),
(74,284,5,30,'2024-02-06','Cheque'),
(75,173,2,9,'2024-02-06','Cheque'),
(76,18,5,26,'2024-02-07','Carte bancaire'),
(77,5,1,4,'2024-02-08','Especes'),
(78,248,4,20,'2024-02-08','Carte bancaire'),
(79,55,5,30,'2024-02-09','PayPal'),
(80,204,1,4,'2024-02-09','Cheque'),
(81,17,1,4,'2024-02-09','Cheque'),
(82,271,5,27,'2024-02-09','PayPal'),
(83,204,5,28,'2024-02-10','PayPal'),
(84,72,5,31,'2024-02-10','Carte bancaire'),
(85,204,5,28,'2024-02-10','Carte bancaire'),
(86,300,4,20,'2024-02-10','Especes'),
(87,79,4,22,'2024-02-11','Especes'),
(88,53,1,2,'2024-02-13','Cheque'),
(89,198,1,4,'2024-02-13','Cheque'),
(90,293,3,18,'2024-02-13','PayPal'),
(91,154,3,13,'2024-02-14','Especes'),
(92,70,2,9,'2024-02-14','Especes'),
(93,161,1,4,'2024-02-15','Especes'),
(94,202,2,10,'2024-02-15','PayPal'),
(95,108,2,8,'2024-02-15','Carte bancaire'),
(96,246,3,18,'2024-02-16','Carte bancaire'),
(97,182,1,5,'2024-02-16','Carte bancaire'),
(98,298,4,21,'2024-02-16','Cheque'),
(99,13,3,16,'2024-02-16','Cheque'),
(100,179,2,9,'2024-02-16','PayPal'),
(101,59,1,3,'2024-02-16','Carte bancaire'),
(102,170,3,19,'2024-02-17','PayPal'),
(103,200,1,2,'2024-02-17','PayPal'),
(104,101,3,16,'2024-02-17','Cheque'),
(105,153,5,30,'2024-02-17','Carte bancaire'),
(106,199,2,7,'2024-02-18','Cheque'),
(107,96,2,9,'2024-02-19','Carte bancaire'),
(108,210,4,23,'2024-02-19','Cheque'),
(109,254,3,13,'2024-02-20','Carte bancaire'),
(110,218,1,2,'2024-02-20','Especes'),
(111,61,5,27,'2024-02-22','PayPal'),
(112,31,3,16,'2024-02-22','PayPal'),
(113,31,5,32,'2024-02-23','PayPal'),
(114,138,4,23,'2024-02-24','Cheque'),
(115,264,4,25,'2024-02-25','Especes'),
(116,33,5,29,'2024-02-25','PayPal'),
(117,24,1,4,'2024-02-26','Carte bancaire'),
(118,1,5,29,'2024-02-26','PayPal'),
(119,185,2,8,'2024-02-26','PayPal'),
(120,120,2,6,'2024-02-26','Carte bancaire'),
(121,228,1,3,'2024-02-28','Carte bancaire'),
(122,154,1,2,'2024-02-28','PayPal'),
(123,85,2,11,'2024-02-28','PayPal'),
(124,52,1,1,'2024-02-29','Cheque'),
(125,146,5,31,'2024-02-29','Carte bancaire'),
(126,28,5,32,'2024-02-29','PayPal'),
(127,216,2,11,'2024-03-01','PayPal'),
(128,147,4,24,'2024-03-02','Cheque'),
(129,262,5,32,'2024-03-02','PayPal'),
(130,224,4,21,'2024-03-02','Carte bancaire'),
(131,29,2,11,'2024-03-02','PayPal'),
(132,6,1,3,'2024-03-02','Especes'),
(133,220,2,6,'2024-03-03','Especes'),
(134,185,1,5,'2024-03-03','PayPal'),
(135,261,1,1,'2024-03-03','PayPal'),
(136,77,1,1,'2024-03-04','Cheque'),
(137,40,3,13,'2024-03-04','Carte bancaire'),
(138,145,5,28,'2024-03-04','Especes'),
(139,156,4,21,'2024-03-05','Cheque'),
(140,210,1,5,'2024-03-05','Especes'),
(141,193,5,31,'2024-03-05','Especes'),
(142,215,3,12,'2024-03-06','PayPal'),
(143,44,3,14,'2024-03-06','Cheque'),
(144,223,4,21,'2024-03-06','PayPal'),
(145,120,1,2,'2024-03-06','PayPal'),
(146,62,3,15,'2024-03-07','Cheque'),
(147,21,1,3,'2024-03-07','PayPal'),
(148,203,3,16,'2024-03-08','Especes'),
(149,128,1,1,'2024-03-08','PayPal'),
(150,67,1,4,'2024-03-08','Especes'),
(151,39,1,1,'2024-03-08','PayPal'),
(152,219,1,2,'2024-03-09','PayPal'),
(153,152,3,19,'2024-03-09','Carte bancaire'),
(154,215,1,5,'2024-03-10','PayPal'),
(155,246,3,19,'2024-03-10','Especes'),
(156,30,5,29,'2024-03-10','Especes'),
(157,29,5,27,'2024-03-11','Cheque'),
(158,181,5,30,'2024-03-12','PayPal'),
(159,47,1,5,'2024-03-12','PayPal'),
(160,170,5,27,'2024-03-12','PayPal'),
(161,187,5,28,'2024-03-13','Cheque'),
(162,70,5,31,'2024-03-13','Cheque'),
(163,194,2,11,'2024-03-13','Especes'),
(164,291,1,5,'2024-03-13','Especes'),
(165,40,1,3,'2024-03-14','PayPal'),
(166,6,2,7,'2024-03-15','Carte bancaire'),
(167,86,5,29,'2024-03-15','Cheque'),
(168,232,1,1,'2024-03-15','Especes'),
(169,38,2,9,'2024-03-16','PayPal'),
(170,248,4,23,'2024-03-16','PayPal'),
(171,122,1,4,'2024-03-17','Cheque'),
(172,246,1,1,'2024-03-17','PayPal'),
(173,204,3,16,'2024-03-17','Carte bancaire'),
(174,32,1,1,'2024-03-18','Carte bancaire'),
(175,215,5,31,'2024-03-18','Cheque'),
(176,258,3,14,'2024-03-18','Carte bancaire'),
(177,133,2,11,'2024-03-18','Carte bancaire'),
(178,283,2,8,'2024-03-18','Cheque'),
(179,213,1,5,'2024-03-19','Carte bancaire'),
(180,275,5,29,'2024-03-19','Especes'),
(181,206,1,3,'2024-03-20','PayPal'),
(182,191,1,3,'2024-03-20','Especes'),
(183,165,2,9,'2024-03-20','Carte bancaire'),
(184,264,5,26,'2024-03-21','Especes'),
(185,26,5,31,'2024-03-21','PayPal'),
(186,191,3,19,'2024-03-21','PayPal'),
(187,84,5,32,'2024-03-21','PayPal'),
(188,210,3,12,'2024-03-21','Cheque'),
(189,157,4,25,'2024-03-22','Especes'),
(190,192,3,16,'2024-03-23','Especes'),
(191,142,4,22,'2024-03-23','Especes'),
(192,72,4,25,'2024-03-23','Cheque'),
(193,98,2,11,'2024-03-23','PayPal'),
(194,133,4,24,'2024-03-23','PayPal'),
(195,191,2,8,'2024-03-24','Cheque'),
(196,299,3,13,'2024-03-24','Cheque'),
(197,212,1,2,'2024-03-24','PayPal'),
(198,91,2,6,'2024-03-25','Carte bancaire'),
(199,220,2,9,'2024-03-25','Cheque'),
(200,192,5,28,'2024-03-25','PayPal'),
(201,128,1,3,'2024-03-25','Especes'),
(202,34,5,28,'2024-03-26','Especes'),
(203,207,1,2,'2024-03-26','PayPal'),
(204,20,2,11,'2024-03-27','Especes'),
(205,56,4,20,'2024-03-27','Carte bancaire'),
(206,64,3,19,'2024-03-28','PayPal'),
(207,52,4,22,'2024-03-28','PayPal'),
(208,135,5,27,'2024-03-28','Especes'),
(209,46,5,32,'2024-03-28','Cheque'),
(210,52,5,31,'2024-03-28','PayPal'),
(211,24,1,2,'2024-03-29','PayPal'),
(212,59,2,9,'2024-03-29','Especes'),
(213,214,5,29,'2024-03-29','Cheque'),
(214,67,3,19,'2024-03-30','Carte bancaire'),
(215,290,1,3,'2024-03-30','Carte bancaire'),
(216,28,1,2,'2024-03-30','Cheque'),
(217,121,1,4,'2024-03-31','Cheque'),
(218,61,5,31,'2024-03-31','Carte bancaire'),
(219,286,3,13,'2024-04-01','Especes'),
(220,170,3,19,'2024-04-02','Especes'),
(221,55,1,2,'2024-04-02','Cheque'),
(222,101,1,4,'2024-04-02','PayPal'),
(223,259,1,4,'2024-04-02','Carte bancaire'),
(224,91,4,21,'2024-04-04','PayPal'),
(225,165,3,18,'2024-04-05','Cheque'),
(226,71,2,11,'2024-04-05','Especes'),
(227,149,4,25,'2024-04-05','PayPal'),
(228,246,3,18,'2024-04-06','Especes'),
(229,129,1,1,'2024-04-06','Especes'),
(230,288,5,31,'2024-04-06','Cheque'),
(231,196,2,11,'2024-04-06','Especes'),
(232,104,4,23,'2024-04-07','PayPal'),
(233,230,1,1,'2024-04-07','PayPal'),
(234,143,3,14,'2024-04-07','PayPal'),
(235,155,3,17,'2024-04-08','Carte bancaire'),
(236,275,2,8,'2024-04-08','PayPal'),
(237,272,3,12,'2024-04-08','Carte bancaire'),
(238,196,5,26,'2024-04-08','Cheque'),
(239,250,1,2,'2024-04-08','Especes'),
(240,274,1,1,'2024-04-08','PayPal'),
(241,223,4,20,'2024-04-09','PayPal'),
(242,20,1,1,'2024-04-09','PayPal'),
(243,208,2,6,'2024-04-09','Cheque'),
(244,33,5,30,'2024-04-09','Carte bancaire'),
(245,45,2,9,'2024-04-10','Cheque'),
(246,74,2,11,'2024-04-10','Especes'),
(247,64,1,5,'2024-04-11','Cheque'),
(248,177,1,5,'2024-04-11','PayPal'),
(249,291,5,32,'2024-04-11','Cheque'),
(250,129,1,5,'2024-04-11','Cheque'),
(251,231,2,11,'2024-04-12','Especes'),
(252,161,1,2,'2024-04-12','Cheque'),
(253,157,3,13,'2024-04-12','PayPal'),
(254,101,2,11,'2024-04-12','Carte bancaire'),
(255,16,5,30,'2024-04-13','Cheque'),
(256,77,2,7,'2024-04-13','Especes'),
(257,85,5,27,'2024-04-15','Cheque'),
(258,248,5,26,'2024-04-15','PayPal'),
(259,21,5,28,'2024-04-16','Carte bancaire'),
(260,188,3,13,'2024-04-16','Especes'),
(261,85,1,5,'2024-04-16','Especes'),
(262,61,4,23,'2024-04-16','Especes'),
(263,246,1,2,'2024-04-16','Cheque'),
(264,294,3,14,'2024-04-17','Carte bancaire'),
(265,10,5,31,'2024-04-18','Especes'),
(266,242,5,27,'2024-04-19','PayPal'),
(267,36,1,4,'2024-04-20','PayPal'),
(268,259,4,21,'2024-04-20','Carte bancaire'),
(269,61,1,2,'2024-04-21','Carte bancaire'),
(270,295,1,2,'2024-04-21','Especes'),
(271,4,3,13,'2024-04-21','Carte bancaire'),
(272,134,5,29,'2024-04-21','Especes'),
(273,130,5,30,'2024-04-22','Especes'),
(274,206,5,32,'2024-04-23','Carte bancaire'),
(275,223,1,3,'2024-04-23','PayPal'),
(276,147,4,24,'2024-04-23','Carte bancaire'),
(277,266,2,6,'2024-04-23','PayPal'),
(278,142,5,28,'2024-04-24','Cheque'),
(279,299,2,8,'2024-04-24','PayPal'),
(280,209,3,13,'2024-04-24','Especes'),
(281,289,3,15,'2024-04-25','Especes'),
(282,118,5,29,'2024-04-25','Especes'),
(283,176,1,2,'2024-04-26','Cheque'),
(284,103,1,2,'2024-04-26','Especes'),
(285,55,1,1,'2024-04-27','Cheque'),
(286,247,2,8,'2024-04-27','Cheque'),
(287,28,3,18,'2024-04-27','Cheque'),
(288,90,3,13,'2024-04-27','Cheque'),
(289,281,2,8,'2024-04-28','Cheque'),
(290,206,2,7,'2024-04-28','PayPal'),
(291,196,1,2,'2024-04-29','Cheque'),
(292,69,5,32,'2024-04-29','Especes'),
(293,231,4,22,'2024-05-01','Especes'),
(294,102,3,14,'2024-05-01','Especes'),
(295,147,3,14,'2024-05-01','PayPal'),
(296,150,4,24,'2024-05-02','Cheque'),
(297,95,5,27,'2024-05-02','PayPal'),
(298,243,3,12,'2024-05-02','Cheque'),
(299,44,4,23,'2024-05-03','Especes'),
(300,68,3,14,'2024-05-03','Carte bancaire'),
(301,244,3,16,'2024-05-03','Cheque'),
(302,289,2,11,'2024-05-04','Especes'),
(303,70,2,9,'2024-05-06','Carte bancaire'),
(304,211,5,29,'2024-05-06','Cheque'),
(305,113,2,9,'2024-05-07','PayPal'),
(306,70,2,11,'2024-05-07','Cheque'),
(307,53,2,7,'2024-05-07','Cheque'),
(308,216,2,9,'2024-05-08','Especes'),
(309,129,5,32,'2024-05-08','Carte bancaire'),
(310,227,1,1,'2024-05-09','PayPal'),
(311,22,4,24,'2024-05-09','Carte bancaire'),
(312,121,4,22,'2024-05-09','Carte bancaire'),
(313,244,4,21,'2024-05-10','Especes'),
(314,47,4,22,'2024-05-10','Carte bancaire'),
(315,275,5,27,'2024-05-10','Cheque'),
(316,11,4,22,'2024-05-11','PayPal'),
(317,98,3,17,'2024-05-11','Especes'),
(318,260,2,7,'2024-05-13','Carte bancaire'),
(319,98,3,19,'2024-05-13','PayPal'),
(320,23,5,27,'2024-05-13','PayPal'),
(321,199,4,24,'2024-05-14','Especes'),
(322,37,1,2,'2024-05-14','Cheque'),
(323,185,3,18,'2024-05-14','Especes'),
(324,21,4,22,'2024-05-15','Carte bancaire'),
(325,98,1,2,'2024-05-15','PayPal'),
(326,206,3,14,'2024-05-16','Cheque'),
(327,124,3,15,'2024-05-16','Cheque'),
(328,266,1,3,'2024-05-16','Carte bancaire'),
(329,293,5,27,'2024-05-17','Carte bancaire'),
(330,71,2,10,'2024-05-17','PayPal'),
(331,112,4,25,'2024-05-17','Especes'),
(332,172,2,9,'2024-05-18','Cheque'),
(333,6,4,25,'2024-05-18','Cheque'),
(334,164,3,14,'2024-05-18','Especes'),
(335,295,3,15,'2024-05-19','Cheque'),
(336,205,2,9,'2024-05-19','Cheque'),
(337,203,4,21,'2024-05-19','PayPal'),
(338,217,2,7,'2024-05-20','Especes'),
(339,75,2,7,'2024-05-20','PayPal'),
(340,76,5,32,'2024-05-20','Especes'),
(341,157,3,12,'2024-05-20','Especes'),
(342,133,3,14,'2024-05-21','Carte bancaire'),
(343,28,3,12,'2024-05-21','Carte bancaire'),
(344,51,5,29,'2024-05-21','Carte bancaire'),
(345,21,1,5,'2024-05-21','Especes'),
(346,257,2,6,'2024-05-22','Especes'),
(347,267,5,30,'2024-05-22','PayPal'),
(348,71,3,15,'2024-05-23','PayPal'),
(349,35,3,13,'2024-05-23','PayPal'),
(350,141,1,2,'2024-05-24','Carte bancaire'),
(351,291,4,24,'2024-05-24','PayPal'),
(352,69,3,19,'2024-05-24','Especes'),
(353,116,1,1,'2024-05-24','Especes'),
(354,235,5,29,'2024-05-24','Cheque'),
(355,161,2,11,'2024-05-25','Carte bancaire'),
(356,276,2,11,'2024-05-26','Carte bancaire'),
(357,217,2,6,'2024-05-26','PayPal'),
(358,212,2,6,'2024-05-26','PayPal'),
(359,64,1,4,'2024-05-27','Especes'),
(360,262,4,21,'2024-05-27','Cheque'),
(361,229,2,7,'2024-05-28','Carte bancaire'),
(362,255,5,30,'2024-05-29','Carte bancaire'),
(363,126,5,28,'2024-05-29','PayPal'),
(364,179,1,1,'2024-05-29','Especes'),
(365,294,5,27,'2024-05-30','Cheque'),
(366,282,1,4,'2024-05-31','PayPal'),
(367,108,4,20,'2024-06-01','Carte bancaire'),
(368,289,3,19,'2024-06-02','Cheque'),
(369,61,1,1,'2024-06-02','PayPal'),
(370,154,3,17,'2024-06-03','Carte bancaire'),
(371,203,4,24,'2024-06-03','Carte bancaire'),
(372,19,4,23,'2024-06-03','PayPal'),
(373,285,3,15,'2024-06-04','Especes'),
(374,293,4,21,'2024-06-04','Carte bancaire'),
(375,232,5,28,'2024-06-04','PayPal'),
(376,248,5,27,'2024-06-04','PayPal'),
(377,19,3,13,'2024-06-05','Carte bancaire'),
(378,160,1,3,'2024-06-05','PayPal'),
(379,81,2,6,'2024-06-05','Carte bancaire'),
(380,146,3,14,'2024-06-06','Carte bancaire'),
(381,26,1,1,'2024-06-06','Carte bancaire'),
(382,171,5,31,'2024-06-06','Carte bancaire'),
(383,74,5,30,'2024-06-08','Especes'),
(384,244,1,4,'2024-06-08','Cheque'),
(385,55,2,11,'2024-06-09','Carte bancaire'),
(386,82,5,29,'2024-06-09','Carte bancaire'),
(387,121,1,1,'2024-06-09','Cheque'),
(388,167,3,19,'2024-06-09','PayPal'),
(389,32,1,2,'2024-06-09','Carte bancaire'),
(390,296,2,7,'2024-06-10','Especes'),
(391,262,2,7,'2024-06-10','Especes'),
(392,1,4,22,'2024-06-10','Carte bancaire'),
(393,196,2,9,'2024-06-10','PayPal'),
(394,214,1,2,'2024-06-10','PayPal'),
(395,224,5,27,'2024-06-11','Carte bancaire'),
(396,233,3,19,'2024-06-11','Cheque'),
(397,257,2,10,'2024-06-11','Especes'),
(398,189,1,4,'2024-06-11','Carte bancaire'),
(399,268,5,26,'2024-06-12','PayPal'),
(400,274,5,29,'2024-06-12','Cheque'),
(401,156,4,24,'2024-06-12','Especes'),
(402,87,3,16,'2024-06-12','Carte bancaire'),
(403,144,2,8,'2024-06-12','Carte bancaire'),
(404,78,4,22,'2024-06-12','PayPal'),
(405,254,5,29,'2024-06-13','Cheque'),
(406,296,4,22,'2024-06-14','Carte bancaire'),
(407,273,1,4,'2024-06-14','Cheque'),
(408,22,1,5,'2024-06-15','Especes'),
(409,124,4,24,'2024-06-15','PayPal'),
(410,7,2,10,'2024-06-15','Carte bancaire'),
(411,112,5,31,'2024-06-15','Carte bancaire'),
(412,193,4,25,'2024-06-15','PayPal'),
(413,151,3,13,'2024-06-16','Cheque'),
(414,32,2,8,'2024-06-16','Carte bancaire'),
(415,252,1,5,'2024-06-16','Cheque'),
(416,293,4,23,'2024-06-17','Carte bancaire'),
(417,2,3,19,'2024-06-17','Cheque'),
(418,275,5,28,'2024-06-17','Especes'),
(419,236,5,28,'2024-06-17','PayPal'),
(420,200,5,31,'2024-06-18','Especes'),
(421,251,2,10,'2024-06-18','Especes'),
(422,268,3,14,'2024-06-18','PayPal'),
(423,24,1,2,'2024-06-19','Carte bancaire'),
(424,88,5,26,'2024-06-19','Carte bancaire'),
(425,113,1,2,'2024-06-19','Cheque'),
(426,165,5,32,'2024-06-20','PayPal'),
(427,33,1,2,'2024-06-20','Cheque'),
(428,298,1,1,'2024-06-20','Cheque'),
(429,146,2,9,'2024-06-21','PayPal'),
(430,123,5,30,'2024-06-21','Carte bancaire'),
(431,179,2,10,'2024-06-21','PayPal'),
(432,260,1,2,'2024-06-21','Especes'),
(433,243,3,14,'2024-06-21','Carte bancaire'),
(434,108,2,8,'2024-06-22','Cheque'),
(435,276,1,1,'2024-06-22','Cheque'),
(436,215,1,3,'2024-06-23','PayPal'),
(437,122,4,21,'2024-06-24','Cheque'),
(438,75,1,5,'2024-06-24','Cheque'),
(439,184,5,27,'2024-06-24','Especes'),
(440,57,5,29,'2024-06-24','Cheque'),
(441,88,3,15,'2024-06-25','Carte bancaire'),
(442,127,2,10,'2024-06-25','PayPal'),
(443,259,1,5,'2024-06-25','Cheque'),
(444,68,2,7,'2024-06-25','Carte bancaire'),
(445,83,4,24,'2024-06-26','Carte bancaire'),
(446,171,3,16,'2024-06-27','Cheque'),
(447,29,3,17,'2024-06-27','Carte bancaire'),
(448,21,2,7,'2024-06-27','Carte bancaire'),
(449,245,4,24,'2024-06-28','PayPal'),
(450,142,1,3,'2024-06-28','Especes'),
(451,45,1,2,'2024-06-29','Especes'),
(452,58,4,23,'2024-06-29','PayPal'),
(453,278,5,29,'2024-06-29','Especes'),
(454,211,3,17,'2024-06-29','Cheque'),
(455,76,2,9,'2024-06-30','PayPal'),
(456,79,1,1,'2024-06-30','Carte bancaire'),
(457,18,4,22,'2024-06-30','PayPal'),
(458,75,5,28,'2024-06-30','PayPal'),
(459,170,4,22,'2024-06-30','Cheque'),
(460,58,4,20,'2024-06-30','PayPal'),
(461,183,1,1,'2024-07-01','PayPal'),
(462,229,4,20,'2024-07-01','Cheque'),
(463,185,2,11,'2024-07-02','Cheque'),
(464,45,1,4,'2024-07-02','Cheque'),
(465,269,5,26,'2024-07-03','Cheque'),
(466,140,2,10,'2024-07-03','Cheque'),
(467,22,5,28,'2024-07-04','Especes'),
(468,64,4,22,'2024-07-04','Cheque'),
(469,142,3,13,'2024-07-04','Especes'),
(470,9,5,27,'2024-07-04','Carte bancaire'),
(471,28,2,9,'2024-07-04','Especes'),
(472,264,1,2,'2024-07-04','Carte bancaire'),
(473,50,3,17,'2024-07-05','PayPal'),
(474,191,5,29,'2024-07-05','Especes'),
(475,273,4,25,'2024-07-08','Carte bancaire'),
(476,176,1,3,'2024-07-09','Carte bancaire'),
(477,117,2,7,'2024-07-09','PayPal'),
(478,248,5,26,'2024-07-10','PayPal'),
(479,31,3,16,'2024-07-10','Carte bancaire'),
(480,106,3,15,'2024-07-11','PayPal'),
(481,257,5,30,'2024-07-11','PayPal'),
(482,271,1,2,'2024-07-11','Especes'),
(483,244,2,10,'2024-07-13','PayPal'),
(484,64,3,14,'2024-07-13','Cheque'),
(485,146,3,16,'2024-07-13','Cheque'),
(486,244,5,28,'2024-07-13','PayPal'),
(487,54,2,10,'2024-07-13','Carte bancaire'),
(488,53,4,21,'2024-07-14','Carte bancaire'),
(489,143,5,32,'2024-07-14','Especes'),
(490,69,1,1,'2024-07-15','Carte bancaire'),
(491,267,5,32,'2024-07-15','Cheque'),
(492,278,2,10,'2024-07-16','Carte bancaire'),
(493,231,2,9,'2024-07-16','Cheque'),
(494,200,3,13,'2024-07-16','Cheque'),
(495,181,5,28,'2024-07-16','Especes'),
(496,14,5,31,'2024-07-17','Especes'),
(497,157,1,2,'2024-07-17','Carte bancaire'),
(498,241,3,17,'2024-07-18','Cheque'),
(499,174,1,3,'2024-07-18','Especes'),
(500,297,1,3,'2024-07-19','Especes');

INSERT INTO sales_orders (order_id, customer_id, store_id, employee_id, order_date, payment_method) VALUES
(501,219,1,1,'2024-07-19','Especes'),
(502,264,3,14,'2024-07-19','Carte bancaire'),
(503,138,5,30,'2024-07-20','Cheque'),
(504,154,5,29,'2024-07-21','Especes'),
(505,137,5,31,'2024-07-21','PayPal'),
(506,126,5,28,'2024-07-22','Cheque'),
(507,282,1,1,'2024-07-22','Cheque'),
(508,153,5,29,'2024-07-22','Especes'),
(509,257,5,30,'2024-07-23','Especes'),
(510,217,1,1,'2024-07-23','PayPal'),
(511,252,3,13,'2024-07-23','Especes'),
(512,18,5,31,'2024-07-24','Carte bancaire'),
(513,63,3,15,'2024-07-24','Cheque'),
(514,209,5,28,'2024-07-24','Carte bancaire'),
(515,181,2,11,'2024-07-24','Especes'),
(516,161,3,13,'2024-07-25','PayPal'),
(517,211,5,28,'2024-07-26','Cheque'),
(518,94,2,9,'2024-07-26','PayPal'),
(519,118,5,29,'2024-07-26','PayPal'),
(520,46,5,27,'2024-07-26','Carte bancaire'),
(521,254,1,2,'2024-07-27','PayPal'),
(522,145,4,21,'2024-07-27','Cheque'),
(523,231,5,28,'2024-07-27','Cheque'),
(524,166,5,29,'2024-07-27','PayPal'),
(525,24,1,5,'2024-07-29','Cheque'),
(526,87,3,17,'2024-07-29','Cheque'),
(527,134,1,1,'2024-07-30','PayPal'),
(528,162,4,23,'2024-07-30','PayPal'),
(529,60,5,29,'2024-07-30','Carte bancaire'),
(530,87,4,22,'2024-07-31','PayPal'),
(531,214,5,27,'2024-07-31','Cheque'),
(532,63,2,10,'2024-07-31','Carte bancaire'),
(533,138,3,12,'2024-08-01','Especes'),
(534,167,5,31,'2024-08-01','PayPal'),
(535,37,3,18,'2024-08-01','Carte bancaire'),
(536,222,4,22,'2024-08-04','PayPal'),
(537,138,3,18,'2024-08-04','Carte bancaire'),
(538,115,4,25,'2024-08-05','PayPal'),
(539,154,5,30,'2024-08-05','Cheque'),
(540,212,1,5,'2024-08-05','Especes'),
(541,202,1,4,'2024-08-06','Especes'),
(542,109,1,5,'2024-08-06','Especes'),
(543,3,2,6,'2024-08-07','PayPal'),
(544,203,5,26,'2024-08-07','PayPal'),
(545,75,4,23,'2024-08-08','PayPal'),
(546,243,2,6,'2024-08-08','PayPal'),
(547,231,3,15,'2024-08-09','Especes'),
(548,19,3,19,'2024-08-10','Cheque'),
(549,214,5,26,'2024-08-12','Cheque'),
(550,177,2,10,'2024-08-13','PayPal'),
(551,214,5,31,'2024-08-13','Especes'),
(552,213,5,29,'2024-08-14','Especes'),
(553,183,4,21,'2024-08-14','Carte bancaire'),
(554,117,1,2,'2024-08-14','Cheque'),
(555,54,4,23,'2024-08-15','Cheque'),
(556,53,5,26,'2024-08-15','Carte bancaire'),
(557,150,4,24,'2024-08-15','Cheque'),
(558,104,2,9,'2024-08-16','Carte bancaire'),
(559,137,2,9,'2024-08-17','Especes'),
(560,220,2,9,'2024-08-17','Cheque'),
(561,85,2,9,'2024-08-19','Carte bancaire'),
(562,215,2,11,'2024-08-19','Especes'),
(563,106,5,30,'2024-08-19','Cheque'),
(564,200,4,25,'2024-08-19','PayPal'),
(565,12,1,5,'2024-08-19','Especes'),
(566,133,4,22,'2024-08-20','Carte bancaire'),
(567,3,3,15,'2024-08-23','PayPal'),
(568,127,1,5,'2024-08-23','PayPal'),
(569,229,1,5,'2024-08-25','Cheque'),
(570,259,1,4,'2024-08-25','PayPal'),
(571,190,5,26,'2024-08-27','Cheque'),
(572,61,2,8,'2024-08-28','Especes'),
(573,111,1,4,'2024-08-29','Carte bancaire'),
(574,23,2,10,'2024-08-29','Especes'),
(575,230,1,3,'2024-08-29','Carte bancaire'),
(576,28,5,30,'2024-09-03','PayPal'),
(577,228,1,5,'2024-09-03','Especes'),
(578,132,1,1,'2024-09-03','PayPal'),
(579,31,4,22,'2024-09-03','PayPal'),
(580,200,1,2,'2024-09-04','Cheque'),
(581,253,3,18,'2024-09-04','Carte bancaire'),
(582,127,5,31,'2024-09-07','PayPal'),
(583,277,5,32,'2024-09-07','PayPal'),
(584,140,3,18,'2024-09-07','Especes'),
(585,274,3,16,'2024-09-08','Carte bancaire'),
(586,176,4,25,'2024-09-08','Cheque'),
(587,2,4,20,'2024-09-09','Carte bancaire'),
(588,276,1,1,'2024-09-09','Carte bancaire'),
(589,190,5,29,'2024-09-09','Carte bancaire'),
(590,47,5,31,'2024-09-10','Especes'),
(591,108,1,4,'2024-09-11','Carte bancaire'),
(592,290,1,5,'2024-09-11','PayPal'),
(593,117,5,31,'2024-09-11','Especes'),
(594,219,4,25,'2024-09-13','Carte bancaire'),
(595,23,5,27,'2024-09-13','Carte bancaire'),
(596,293,5,31,'2024-09-14','PayPal'),
(597,222,5,30,'2024-09-14','Especes'),
(598,225,5,31,'2024-09-15','Cheque'),
(599,194,2,11,'2024-09-15','Carte bancaire'),
(600,222,1,1,'2024-09-15','Carte bancaire'),
(601,233,2,9,'2024-09-15','Carte bancaire'),
(602,53,1,1,'2024-09-15','PayPal'),
(603,228,1,2,'2024-09-16','Carte bancaire'),
(604,184,2,10,'2024-09-18','PayPal'),
(605,5,3,14,'2024-09-18','Carte bancaire'),
(606,103,4,21,'2024-09-18','Carte bancaire'),
(607,297,3,17,'2024-09-18','Especes'),
(608,247,4,22,'2024-09-19','Cheque'),
(609,184,1,1,'2024-09-20','PayPal'),
(610,90,2,10,'2024-09-21','PayPal'),
(611,195,4,20,'2024-09-21','Especes'),
(612,88,5,32,'2024-09-21','Cheque'),
(613,98,1,4,'2024-09-22','Especes'),
(614,151,5,28,'2024-09-22','PayPal'),
(615,300,5,27,'2024-09-22','Carte bancaire'),
(616,92,2,8,'2024-09-22','Cheque'),
(617,157,2,9,'2024-09-23','PayPal'),
(618,118,3,19,'2024-09-23','Especes'),
(619,39,2,6,'2024-09-23','Especes'),
(620,61,1,1,'2024-09-24','PayPal'),
(621,279,5,26,'2024-09-25','Especes'),
(622,108,3,19,'2024-09-27','Cheque'),
(623,16,2,10,'2024-09-27','PayPal'),
(624,207,5,31,'2024-09-28','Especes'),
(625,196,1,4,'2024-09-29','Carte bancaire'),
(626,284,1,5,'2024-09-29','Cheque'),
(627,269,1,1,'2024-10-01','Especes'),
(628,81,5,27,'2024-10-01','Cheque'),
(629,295,5,30,'2024-10-02','PayPal'),
(630,252,3,12,'2024-10-02','Carte bancaire'),
(631,213,1,5,'2024-10-02','Cheque'),
(632,276,2,6,'2024-10-02','PayPal'),
(633,237,1,4,'2024-10-03','Cheque'),
(634,70,2,11,'2024-10-03','Cheque'),
(635,91,2,10,'2024-10-04','Cheque'),
(636,226,2,7,'2024-10-04','Carte bancaire'),
(637,53,2,8,'2024-10-05','Cheque'),
(638,194,5,27,'2024-10-06','Especes'),
(639,33,1,1,'2024-10-07','PayPal'),
(640,288,4,24,'2024-10-07','PayPal'),
(641,7,2,9,'2024-10-08','PayPal'),
(642,189,1,2,'2024-10-08','Cheque'),
(643,69,2,11,'2024-10-11','Especes'),
(644,7,1,5,'2024-10-11','Carte bancaire'),
(645,105,4,21,'2024-10-14','Cheque'),
(646,13,1,3,'2024-10-14','Especes'),
(647,114,4,23,'2024-10-14','Especes'),
(648,105,1,2,'2024-10-15','PayPal'),
(649,85,4,21,'2024-10-15','Cheque'),
(650,104,2,9,'2024-10-16','Carte bancaire'),
(651,11,5,29,'2024-10-17','Carte bancaire'),
(652,157,3,18,'2024-10-17','Cheque'),
(653,241,1,2,'2024-10-17','Carte bancaire'),
(654,192,3,18,'2024-10-17','Cheque'),
(655,100,5,28,'2024-10-19','Especes'),
(656,15,4,25,'2024-10-20','PayPal'),
(657,83,1,1,'2024-10-20','Cheque'),
(658,273,4,23,'2024-10-20','Especes'),
(659,87,5,26,'2024-10-21','Carte bancaire'),
(660,269,2,8,'2024-10-22','Cheque'),
(661,250,1,1,'2024-10-22','Cheque'),
(662,133,5,32,'2024-10-22','Cheque'),
(663,5,1,1,'2024-10-23','Carte bancaire'),
(664,267,5,32,'2024-10-24','Especes'),
(665,205,2,6,'2024-10-24','Especes'),
(666,63,5,28,'2024-10-24','PayPal'),
(667,165,1,3,'2024-10-25','Carte bancaire'),
(668,179,2,9,'2024-10-25','Carte bancaire'),
(669,45,2,11,'2024-10-25','Cheque'),
(670,125,1,1,'2024-10-25','Carte bancaire'),
(671,64,4,24,'2024-10-25','Cheque'),
(672,295,5,30,'2024-10-26','Carte bancaire'),
(673,224,5,27,'2024-10-26','Especes'),
(674,46,2,10,'2024-10-26','PayPal'),
(675,296,4,22,'2024-10-27','Carte bancaire'),
(676,267,4,24,'2024-10-27','PayPal'),
(677,236,2,8,'2024-10-27','PayPal'),
(678,258,5,26,'2024-10-27','Especes'),
(679,92,5,31,'2024-10-29','Cheque'),
(680,179,5,29,'2024-10-29','Carte bancaire'),
(681,298,5,26,'2024-10-30','Especes'),
(682,101,4,20,'2024-10-30','Especes'),
(683,87,5,26,'2024-10-31','Especes'),
(684,126,1,2,'2024-10-31','Cheque'),
(685,196,2,11,'2024-10-31','Cheque'),
(686,12,3,19,'2024-10-31','Especes'),
(687,248,5,31,'2024-11-01','Cheque'),
(688,11,2,10,'2024-11-01','Cheque'),
(689,64,5,27,'2024-11-01','Carte bancaire'),
(690,295,1,2,'2024-11-02','Carte bancaire'),
(691,1,1,1,'2024-11-02','Especes'),
(692,51,4,20,'2024-11-03','PayPal'),
(693,111,5,30,'2024-11-03','PayPal'),
(694,196,4,21,'2024-11-03','Cheque'),
(695,191,3,14,'2024-11-04','Cheque'),
(696,139,1,1,'2024-11-04','Cheque'),
(697,140,1,2,'2024-11-05','Especes'),
(698,194,5,32,'2024-11-05','Carte bancaire'),
(699,271,2,10,'2024-11-05','Especes'),
(700,273,3,18,'2024-11-05','Cheque'),
(701,291,4,20,'2024-11-06','Especes'),
(702,225,5,32,'2024-11-06','Cheque'),
(703,209,5,32,'2024-11-06','Carte bancaire'),
(704,85,3,13,'2024-11-07','Especes'),
(705,64,2,10,'2024-11-07','PayPal'),
(706,271,4,20,'2024-11-08','Cheque'),
(707,188,5,30,'2024-11-08','Especes'),
(708,88,2,6,'2024-11-09','Especes'),
(709,151,2,6,'2024-11-09','Cheque'),
(710,250,1,1,'2024-11-09','Cheque'),
(711,102,1,5,'2024-11-10','PayPal'),
(712,220,5,30,'2024-11-10','Especes'),
(713,83,1,4,'2024-11-10','Carte bancaire'),
(714,170,5,27,'2024-11-10','PayPal'),
(715,257,4,25,'2024-11-10','Cheque'),
(716,7,5,27,'2024-11-11','Carte bancaire'),
(717,43,5,27,'2024-11-11','PayPal'),
(718,220,1,1,'2024-11-11','PayPal'),
(719,68,2,8,'2024-11-11','PayPal'),
(720,119,1,4,'2024-11-12','Cheque'),
(721,156,1,3,'2024-11-13','Especes'),
(722,165,1,4,'2024-11-13','Especes'),
(723,252,2,8,'2024-11-13','Carte bancaire'),
(724,283,5,27,'2024-11-13','Especes'),
(725,142,1,4,'2024-11-13','Carte bancaire'),
(726,98,1,4,'2024-11-14','Carte bancaire'),
(727,155,4,21,'2024-11-14','PayPal'),
(728,282,4,24,'2024-11-14','Especes'),
(729,258,5,27,'2024-11-15','Especes'),
(730,204,3,13,'2024-11-15','PayPal'),
(731,293,1,1,'2024-11-15','Cheque'),
(732,76,5,28,'2024-11-16','PayPal'),
(733,189,2,11,'2024-11-16','Especes'),
(734,6,5,27,'2024-11-17','Especes'),
(735,196,5,28,'2024-11-17','PayPal'),
(736,223,2,9,'2024-11-17','Carte bancaire'),
(737,97,1,1,'2024-11-18','Cheque'),
(738,7,4,23,'2024-11-18','Cheque'),
(739,23,1,1,'2024-11-18','Especes'),
(740,174,5,26,'2024-11-18','PayPal'),
(741,170,3,15,'2024-11-18','Carte bancaire'),
(742,262,5,29,'2024-11-19','PayPal'),
(743,219,2,8,'2024-11-19','Especes'),
(744,53,5,28,'2024-11-20','Especes'),
(745,185,5,26,'2024-11-20','Carte bancaire'),
(746,218,1,3,'2024-11-20','Especes'),
(747,76,2,9,'2024-11-21','Cheque'),
(748,181,2,9,'2024-11-21','Cheque'),
(749,253,3,15,'2024-11-21','Cheque'),
(750,113,4,21,'2024-11-22','Especes'),
(751,243,5,26,'2024-11-23','Carte bancaire'),
(752,108,5,26,'2024-11-23','PayPal'),
(753,194,4,25,'2024-11-23','Cheque'),
(754,41,1,1,'2024-11-24','Cheque'),
(755,271,4,22,'2024-11-24','Cheque'),
(756,89,3,12,'2024-11-24','Cheque'),
(757,140,5,30,'2024-11-24','Cheque'),
(758,95,5,30,'2024-11-25','Carte bancaire'),
(759,56,1,3,'2024-11-25','Especes'),
(760,278,1,2,'2024-11-25','Carte bancaire'),
(761,23,3,19,'2024-11-25','Carte bancaire'),
(762,145,5,30,'2024-11-26','PayPal'),
(763,209,5,30,'2024-11-26','Carte bancaire'),
(764,149,1,4,'2024-11-26','Carte bancaire'),
(765,83,5,30,'2024-11-26','Especes'),
(766,39,5,30,'2024-11-27','Cheque'),
(767,281,5,32,'2024-11-27','Carte bancaire'),
(768,37,1,4,'2024-11-27','Especes'),
(769,210,5,31,'2024-11-27','PayPal'),
(770,30,4,21,'2024-11-28','Carte bancaire'),
(771,38,1,4,'2024-11-28','Carte bancaire'),
(772,204,5,27,'2024-11-28','Cheque'),
(773,143,3,14,'2024-11-28','Cheque'),
(774,195,1,3,'2024-11-28','Cheque'),
(775,36,2,6,'2024-11-28','Especes'),
(776,102,2,9,'2024-11-28','Cheque'),
(777,297,4,22,'2024-11-29','Especes'),
(778,256,5,26,'2024-11-29','Cheque'),
(779,50,1,2,'2024-11-29','Cheque'),
(780,296,5,28,'2024-11-29','Especes'),
(781,64,4,25,'2024-11-29','Cheque'),
(782,196,2,11,'2024-11-30','Cheque'),
(783,211,1,5,'2024-11-30','Carte bancaire'),
(784,101,5,26,'2024-12-01','Especes'),
(785,136,2,9,'2024-12-01','PayPal'),
(786,14,1,3,'2024-12-01','Especes'),
(787,296,2,11,'2024-12-02','Cheque'),
(788,51,4,21,'2024-12-02','Carte bancaire'),
(789,79,1,5,'2024-12-02','Carte bancaire'),
(790,100,3,15,'2024-12-02','Cheque'),
(791,53,1,5,'2024-12-03','Carte bancaire'),
(792,254,5,32,'2024-12-03','PayPal'),
(793,231,5,27,'2024-12-04','Especes'),
(794,17,1,3,'2024-12-04','Especes'),
(795,12,3,14,'2024-12-04','PayPal'),
(796,65,2,9,'2024-12-04','PayPal'),
(797,151,3,19,'2024-12-04','Cheque'),
(798,106,5,29,'2024-12-04','Cheque'),
(799,181,2,11,'2024-12-05','Carte bancaire'),
(800,16,1,3,'2024-12-05','Cheque'),
(801,191,1,3,'2024-12-05','Carte bancaire'),
(802,291,5,27,'2024-12-06','Carte bancaire'),
(803,294,5,29,'2024-12-06','Cheque'),
(804,64,3,17,'2024-12-06','Cheque'),
(805,3,5,28,'2024-12-06','PayPal'),
(806,141,2,8,'2024-12-07','Cheque'),
(807,25,2,11,'2024-12-07','Cheque'),
(808,224,1,1,'2024-12-07','PayPal'),
(809,195,2,7,'2024-12-08','PayPal'),
(810,124,3,19,'2024-12-08','Especes'),
(811,181,3,15,'2024-12-08','PayPal'),
(812,109,1,2,'2024-12-08','Cheque'),
(813,79,5,26,'2024-12-08','PayPal'),
(814,205,1,3,'2024-12-09','Cheque'),
(815,237,5,31,'2024-12-09','Carte bancaire'),
(816,272,3,16,'2024-12-09','Carte bancaire'),
(817,78,2,9,'2024-12-09','Especes'),
(818,51,1,4,'2024-12-09','Cheque'),
(819,222,1,1,'2024-12-10','PayPal'),
(820,19,3,15,'2024-12-10','Carte bancaire'),
(821,208,2,6,'2024-12-10','PayPal'),
(822,148,4,20,'2024-12-11','PayPal'),
(823,7,4,23,'2024-12-11','Especes'),
(824,88,4,20,'2024-12-11','Especes'),
(825,76,5,26,'2024-12-12','Especes'),
(826,187,3,17,'2024-12-12','Especes'),
(827,11,1,4,'2024-12-12','PayPal'),
(828,221,2,11,'2024-12-13','Carte bancaire'),
(829,279,5,29,'2024-12-13','PayPal'),
(830,22,3,17,'2024-12-13','Carte bancaire'),
(831,268,5,30,'2024-12-13','PayPal'),
(832,251,2,9,'2024-12-14','Especes'),
(833,258,4,24,'2024-12-14','PayPal'),
(834,101,2,6,'2024-12-14','Especes'),
(835,205,5,26,'2024-12-15','Especes'),
(836,103,2,9,'2024-12-15','PayPal'),
(837,161,3,17,'2024-12-16','Cheque'),
(838,155,5,30,'2024-12-16','Especes'),
(839,65,2,6,'2024-12-16','Cheque'),
(840,170,5,26,'2024-12-16','Carte bancaire'),
(841,115,5,31,'2024-12-16','PayPal'),
(842,35,1,5,'2024-12-16','Carte bancaire'),
(843,243,1,5,'2024-12-17','Cheque'),
(844,64,2,11,'2024-12-17','Carte bancaire'),
(845,280,1,4,'2024-12-17','Especes'),
(846,55,3,18,'2024-12-17','PayPal'),
(847,289,2,10,'2024-12-17','Especes'),
(848,182,5,29,'2024-12-18','Cheque'),
(849,200,3,14,'2024-12-18','PayPal'),
(850,156,5,26,'2024-12-18','Cheque'),
(851,166,3,17,'2024-12-18','Cheque'),
(852,82,1,1,'2024-12-19','Cheque'),
(853,129,1,1,'2024-12-19','Cheque'),
(854,69,5,30,'2024-12-19','PayPal'),
(855,104,4,23,'2024-12-19','PayPal'),
(856,18,5,26,'2024-12-20','Especes'),
(857,107,3,19,'2024-12-20','Especes'),
(858,292,1,5,'2024-12-20','Especes'),
(859,277,2,7,'2024-12-20','Especes'),
(860,124,5,30,'2024-12-21','Especes'),
(861,216,2,8,'2024-12-21','Carte bancaire'),
(862,121,3,12,'2024-12-21','Especes'),
(863,139,4,20,'2024-12-22','Carte bancaire'),
(864,274,4,23,'2024-12-22','Carte bancaire'),
(865,61,5,28,'2024-12-22','Especes'),
(866,6,1,5,'2024-12-22','Carte bancaire'),
(867,30,1,2,'2024-12-23','Especes'),
(868,126,5,27,'2024-12-23','Cheque'),
(869,155,5,32,'2024-12-23','Especes'),
(870,211,4,24,'2024-12-24','Cheque'),
(871,63,2,7,'2024-12-24','Carte bancaire'),
(872,256,5,28,'2024-12-24','Especes'),
(873,115,1,2,'2024-12-24','Cheque'),
(874,278,5,26,'2024-12-24','Especes'),
(875,30,5,30,'2024-12-25','Cheque'),
(876,196,3,15,'2024-12-25','PayPal'),
(877,128,5,28,'2024-12-25','Especes'),
(878,292,4,22,'2024-12-25','PayPal'),
(879,161,5,29,'2024-12-26','PayPal'),
(880,26,1,1,'2024-12-26','PayPal'),
(881,181,3,12,'2024-12-26','PayPal'),
(882,167,3,18,'2024-12-26','Carte bancaire'),
(883,16,1,1,'2024-12-27','Especes'),
(884,262,4,25,'2024-12-27','Especes'),
(885,196,5,31,'2024-12-27','Carte bancaire'),
(886,295,4,25,'2024-12-27','Cheque'),
(887,242,4,24,'2024-12-27','Cheque'),
(888,234,2,6,'2024-12-27','PayPal'),
(889,118,3,14,'2024-12-28','PayPal'),
(890,259,5,30,'2024-12-28','Cheque'),
(891,135,5,31,'2024-12-28','Cheque'),
(892,13,4,20,'2024-12-28','PayPal'),
(893,56,5,26,'2024-12-28','Carte bancaire'),
(894,69,4,25,'2024-12-29','Carte bancaire'),
(895,233,2,9,'2024-12-29','PayPal'),
(896,269,3,18,'2024-12-29','Especes'),
(897,221,3,17,'2024-12-29','Carte bancaire'),
(898,148,5,28,'2024-12-29','Carte bancaire'),
(899,87,1,1,'2024-12-29','PayPal'),
(900,293,2,9,'2024-12-30','PayPal'),
(901,60,5,32,'2024-12-30','Carte bancaire'),
(902,142,3,13,'2024-12-30','Especes'),
(903,267,2,10,'2024-12-30','Carte bancaire'),
(904,113,4,22,'2024-12-31','Cheque'),
(905,102,4,20,'2024-12-31','PayPal'),
(906,107,4,20,'2024-12-31','Cheque'),
(907,154,5,28,'2024-12-31','Cheque'),
(908,229,2,11,'2024-12-31','Cheque'),
(909,59,2,9,'2024-12-31','PayPal');

-- sales_order_items
INSERT INTO sales_order_items (order_item_id, order_id, product_id, quantity, unit_price_paid, discount_pct) VALUES
(1,1,2,1,759.05,5),
(2,1,13,1,149.0,0),
(3,1,17,1,699.0,0),
(4,1,12,2,59.0,0),
(5,2,16,3,426.55,5),
(6,2,23,2,314.1,10),
(7,2,5,1,199.0,0),
(8,3,25,2,29.0,0),
(9,4,4,2,314.1,10),
(10,5,10,1,116.1,10),
(11,5,14,2,99.0,0),
(12,6,3,3,71.1,10),
(13,6,17,3,699.0,0),
(14,6,18,2,84.55,5),
(15,7,12,1,59.0,0),
(16,8,2,3,799.0,0),
(17,8,12,3,59.0,0),
(18,9,3,2,79.0,0),
(19,9,23,2,349.0,0),
(20,10,17,2,699.0,0),
(21,10,13,1,126.65,15),
(22,10,18,1,89.0,0),
(23,11,4,2,296.65,15),
(24,11,12,2,56.05,5),
(25,11,14,2,99.0,0),
(26,12,24,2,49.0,0),
(27,13,4,3,349.0,0),
(28,13,3,2,75.05,5),
(29,13,11,3,16.15,15),
(30,14,9,3,339.15,15),
(31,14,21,2,799.0,0),
(32,14,2,3,679.15,15),
(33,14,3,3,79.0,0),
(34,15,5,1,199.0,0),
(35,16,22,2,449.0,0),
(36,16,15,2,79.0,0),
(37,17,1,3,1199.0,0),
(38,18,20,3,170.05,5),
(39,18,10,1,129.0,0),
(40,19,3,3,79.0,0),
(41,19,22,3,404.1,10),
(42,19,11,2,19.0,0),
(43,19,12,1,50.15,15),
(44,20,7,1,449.0,0),
(45,21,3,2,75.05,5),
(46,22,11,1,18.05,5),
(47,22,21,2,679.15,15),
(48,23,14,1,99.0,0),
(49,23,17,3,699.0,0),
(50,24,17,2,699.0,0),
(51,24,10,3,116.1,10),
(52,24,3,2,79.0,0),
(53,25,1,1,1199.0,0),
(54,26,16,3,404.1,10),
(55,27,22,2,426.55,5),
(56,27,13,1,126.65,15),
(57,28,7,2,381.65,15),
(58,28,11,2,16.15,15),
(59,28,20,2,170.05,5),
(60,28,5,1,199.0,0),
(61,29,4,1,349.0,0),
(62,29,9,1,399.0,0),
(63,29,15,2,71.1,10),
(64,29,8,2,249.0,0),
(65,30,25,2,26.1,10),
(66,30,6,2,854.05,5),
(67,31,8,1,249.0,0),
(68,31,7,2,426.55,5),
(69,31,19,3,33.15,15),
(70,31,12,3,56.05,5),
(71,32,12,3,59.0,0),
(72,32,2,2,719.1,10),
(73,32,13,2,149.0,0),
(74,32,19,2,35.1,10),
(75,33,4,2,349.0,0),
(76,33,13,3,149.0,0),
(77,34,2,1,799.0,0),
(78,35,20,1,179.0,0),
(79,35,17,3,699.0,0),
(80,36,1,1,1139.05,5),
(81,36,12,3,59.0,0),
(82,36,11,3,16.15,15),
(83,36,22,3,449.0,0),
(84,37,19,2,39.0,0),
(85,38,22,1,404.1,10),
(86,38,8,3,249.0,0),
(87,39,14,1,94.05,5),
(88,39,23,3,314.1,10),
(89,40,17,3,699.0,0),
(90,40,7,3,426.55,5),
(91,41,18,3,75.65,15),
(92,41,12,3,50.15,15),
(93,41,22,2,404.1,10),
(94,42,8,2,211.65,15),
(95,42,10,1,109.65,15),
(96,42,25,3,27.55,5),
(97,43,19,3,35.1,10),
(98,44,10,2,109.65,15),
(99,44,2,1,799.0,0),
(100,45,7,2,404.1,10),
(101,45,18,3,89.0,0),
(102,46,2,2,799.0,0),
(103,46,4,3,331.55,5),
(104,47,14,2,94.05,5),
(105,47,21,3,799.0,0),
(106,48,21,3,799.0,0),
(107,49,6,1,764.15,15),
(108,49,2,2,799.0,0),
(109,49,13,1,149.0,0),
(110,49,16,3,404.1,10),
(111,50,21,1,719.1,10),
(112,50,18,2,89.0,0),
(113,50,17,1,699.0,0),
(114,50,16,2,449.0,0),
(115,51,24,2,49.0,0),
(116,52,17,3,699.0,0),
(117,52,11,1,19.0,0),
(118,52,3,2,79.0,0),
(119,52,13,1,149.0,0),
(120,53,21,1,799.0,0),
(121,53,12,3,59.0,0),
(122,53,23,2,349.0,0),
(123,54,21,2,799.0,0),
(124,55,15,3,79.0,0),
(125,55,24,2,41.65,15),
(126,56,22,3,449.0,0),
(127,56,25,3,27.55,5),
(128,57,18,3,89.0,0),
(129,58,23,2,349.0,0),
(130,58,19,3,37.05,5),
(131,59,18,2,75.65,15),
(132,60,24,1,44.1,10),
(133,61,2,1,679.15,15),
(134,61,10,3,109.65,15),
(135,61,14,2,99.0,0),
(136,61,6,2,854.05,5),
(137,62,4,2,314.1,10),
(138,62,6,1,764.15,15),
(139,62,18,1,89.0,0),
(140,63,8,2,249.0,0),
(141,63,15,3,79.0,0),
(142,63,12,1,50.15,15),
(143,63,5,2,179.1,10),
(144,64,15,3,67.15,15),
(145,65,8,1,249.0,0),
(146,65,18,3,89.0,0),
(147,65,7,1,381.65,15),
(148,65,25,3,29.0,0),
(149,66,5,1,189.05,5),
(150,66,22,2,449.0,0),
(151,66,17,1,629.1,10),
(152,67,12,3,50.15,15),
(153,68,5,3,189.05,5),
(154,68,10,1,129.0,0),
(155,68,13,2,126.65,15),
(156,68,6,1,854.05,5),
(157,69,8,3,249.0,0),
(158,69,9,2,399.0,0),
(159,69,7,1,404.1,10),
(160,69,11,3,19.0,0),
(161,70,7,3,381.65,15),
(162,71,1,1,1019.15,15),
(163,71,7,2,449.0,0),
(164,71,24,3,44.1,10),
(165,72,13,3,149.0,0),
(166,72,15,2,79.0,0),
(167,72,18,2,80.1,10),
(168,73,11,3,19.0,0),
(169,73,14,3,99.0,0),
(170,73,2,1,799.0,0),
(171,74,5,1,189.05,5),
(172,74,7,3,449.0,0),
(173,74,11,2,17.1,10),
(174,75,6,3,809.1,10),
(175,75,24,2,49.0,0),
(176,75,12,3,50.15,15),
(177,75,5,1,179.1,10),
(178,76,14,1,84.15,15),
(179,77,20,3,152.15,15),
(180,78,1,3,1199.0,0),
(181,78,17,1,629.1,10),
(182,78,24,3,41.65,15),
(183,78,9,2,399.0,0),
(184,79,7,3,449.0,0),
(185,79,20,2,179.0,0),
(186,80,23,2,296.65,15),
(187,80,8,1,211.65,15),
(188,81,2,1,799.0,0),
(189,81,21,2,759.05,5),
(190,81,1,3,1199.0,0),
(191,81,23,3,349.0,0),
(192,82,9,2,359.1,10),
(193,82,2,3,679.15,15),
(194,82,3,1,79.0,0),
(195,82,22,2,449.0,0),
(196,83,19,3,35.1,10),
(197,83,13,2,141.55,5),
(198,84,2,1,799.0,0),
(199,84,4,2,314.1,10),
(200,84,14,3,89.1,10),
(201,85,15,2,71.1,10),
(202,85,16,2,426.55,5),
(203,85,8,1,211.65,15),
(204,86,23,1,349.0,0),
(205,86,3,1,75.05,5),
(206,87,3,1,79.0,0),
(207,88,18,1,89.0,0),
(208,88,17,2,629.1,10),
(209,88,14,1,89.1,10),
(210,88,4,3,349.0,0),
(211,89,24,3,49.0,0),
(212,90,9,2,379.05,5),
(213,90,10,1,129.0,0),
(214,91,8,2,224.1,10),
(215,91,24,3,49.0,0),
(216,91,21,2,799.0,0),
(217,92,11,3,19.0,0),
(218,92,15,2,79.0,0),
(219,92,14,3,84.15,15),
(220,92,21,1,759.05,5),
(221,93,24,2,44.1,10),
(222,93,23,1,349.0,0),
(223,93,21,2,799.0,0),
(224,94,22,3,449.0,0),
(225,94,25,3,27.55,5),
(226,95,22,2,449.0,0),
(227,95,16,2,381.65,15),
(228,95,5,1,169.15,15),
(229,95,21,2,759.05,5),
(230,96,23,3,349.0,0),
(231,96,18,1,89.0,0),
(232,96,20,3,152.15,15),
(233,97,25,1,29.0,0),
(234,97,11,2,19.0,0),
(235,97,14,3,84.15,15),
(236,97,4,3,314.1,10),
(237,98,13,3,134.1,10),
(238,98,15,3,71.1,10),
(239,98,25,1,29.0,0),
(240,99,4,3,349.0,0),
(241,100,12,3,50.15,15),
(242,100,16,2,449.0,0),
(243,100,4,1,349.0,0),
(244,100,15,1,67.15,15),
(245,101,24,3,49.0,0),
(246,101,8,3,249.0,0),
(247,102,21,2,799.0,0),
(248,102,6,3,809.1,10),
(249,102,22,1,426.55,5),
(250,102,14,3,94.05,5),
(251,103,25,3,29.0,0),
(252,103,23,3,349.0,0),
(253,103,3,2,79.0,0),
(254,104,20,1,179.0,0),
(255,104,13,2,141.55,5),
(256,104,19,3,39.0,0),
(257,105,11,1,19.0,0),
(258,105,4,1,349.0,0),
(259,106,6,3,764.15,15),
(260,106,16,1,404.1,10),
(261,106,21,1,759.05,5),
(262,106,18,2,89.0,0),
(263,107,1,1,1139.05,5),
(264,107,16,3,404.1,10),
(265,107,5,3,189.05,5),
(266,108,6,1,899.0,0),
(267,108,3,1,79.0,0),
(268,108,19,1,35.1,10),
(269,108,1,2,1199.0,0),
(270,109,25,3,29.0,0),
(271,109,18,3,84.55,5),
(272,109,12,3,59.0,0),
(273,110,15,2,79.0,0),
(274,111,23,2,349.0,0),
(275,111,20,3,179.0,0),
(276,111,21,1,799.0,0),
(277,112,23,2,314.1,10),
(278,112,10,3,129.0,0),
(279,112,19,1,37.05,5),
(280,113,8,3,249.0,0),
(281,113,5,1,169.15,15),
(282,114,21,1,759.05,5),
(283,115,16,3,449.0,0),
(284,115,11,3,18.05,5),
(285,115,19,3,33.15,15),
(286,115,1,3,1199.0,0),
(287,116,7,2,449.0,0),
(288,116,16,3,404.1,10),
(289,116,9,1,359.1,10),
(290,116,11,2,19.0,0),
(291,117,6,2,854.05,5),
(292,118,21,1,799.0,0),
(293,118,10,1,109.65,15),
(294,119,13,3,149.0,0),
(295,120,7,2,449.0,0),
(296,121,23,1,331.55,5),
(297,121,5,1,169.15,15),
(298,121,16,1,449.0,0),
(299,121,3,2,79.0,0),
(300,122,17,3,699.0,0),
(301,123,14,3,94.05,5),
(302,123,20,1,179.0,0),
(303,124,14,1,99.0,0),
(304,124,11,3,19.0,0),
(305,124,5,1,179.1,10),
(306,125,7,3,449.0,0),
(307,125,17,3,664.05,5),
(308,125,20,2,152.15,15),
(309,126,13,3,134.1,10),
(310,126,4,1,314.1,10),
(311,126,8,1,249.0,0),
(312,126,16,2,449.0,0),
(313,127,25,1,29.0,0),
(314,127,3,2,79.0,0),
(315,127,1,1,1199.0,0),
(316,127,19,2,35.1,10),
(317,128,23,3,314.1,10),
(318,128,13,3,149.0,0),
(319,128,3,2,79.0,0),
(320,128,21,2,799.0,0),
(321,129,13,3,126.65,15),
(322,129,19,3,39.0,0),
(323,129,21,2,679.15,15),
(324,130,3,1,75.05,5),
(325,130,14,3,89.1,10),
(326,131,1,3,1199.0,0),
(327,132,12,3,59.0,0),
(328,132,5,3,199.0,0),
(329,133,16,2,404.1,10),
(330,134,6,1,809.1,10),
(331,134,9,3,339.15,15),
(332,134,25,1,29.0,0),
(333,135,16,2,426.55,5),
(334,136,11,2,16.15,15),
(335,136,8,2,249.0,0),
(336,137,8,1,236.55,5),
(337,137,17,1,664.05,5),
(338,138,18,2,89.0,0),
(339,139,19,1,33.15,15),
(340,139,16,3,449.0,0),
(341,139,25,1,29.0,0),
(342,140,11,1,16.15,15),
(343,141,7,3,449.0,0),
(344,142,3,3,75.05,5),
(345,142,2,3,799.0,0),
(346,142,8,2,211.65,15),
(347,143,19,3,39.0,0),
(348,144,9,3,339.15,15),
(349,144,11,2,19.0,0),
(350,144,13,2,149.0,0),
(351,145,5,1,199.0,0),
(352,146,15,1,79.0,0),
(353,146,9,3,399.0,0),
(354,146,4,3,296.65,15),
(355,147,23,1,349.0,0),
(356,148,1,2,1079.1,10),
(357,148,13,3,134.1,10),
(358,149,1,1,1199.0,0),
(359,150,19,3,39.0,0),
(360,151,5,1,189.05,5),
(361,151,3,1,79.0,0),
(362,151,11,3,18.05,5),
(363,151,4,3,331.55,5),
(364,152,9,1,359.1,10),
(365,152,15,3,71.1,10),
(366,152,5,1,169.15,15),
(367,153,9,2,399.0,0),
(368,154,13,3,149.0,0),
(369,155,13,1,149.0,0),
(370,155,9,3,399.0,0),
(371,155,6,1,899.0,0),
(372,156,6,1,764.15,15),
(373,156,4,1,349.0,0),
(374,157,6,2,764.15,15),
(375,157,8,3,249.0,0),
(376,157,19,3,39.0,0),
(377,158,16,2,449.0,0),
(378,158,18,2,89.0,0),
(379,159,17,2,699.0,0),
(380,160,23,1,349.0,0),
(381,160,6,1,809.1,10),
(382,160,11,3,19.0,0),
(383,161,11,2,19.0,0),
(384,162,21,3,679.15,15),
(385,162,11,3,19.0,0),
(386,162,6,1,764.15,15),
(387,162,23,3,349.0,0),
(388,163,6,1,764.15,15),
(389,163,24,3,46.55,5),
(390,164,21,1,759.05,5),
(391,164,19,1,39.0,0),
(392,165,23,3,296.65,15),
(393,166,9,1,399.0,0),
(394,166,4,2,331.55,5),
(395,166,24,3,46.55,5),
(396,167,18,2,80.1,10),
(397,167,13,3,126.65,15),
(398,167,4,1,349.0,0),
(399,168,11,2,19.0,0),
(400,169,18,1,89.0,0),
(401,170,6,1,899.0,0),
(402,170,2,2,679.15,15),
(403,170,4,3,296.65,15),
(404,170,11,3,17.1,10),
(405,171,2,1,759.05,5),
(406,171,12,1,59.0,0),
(407,172,21,1,759.05,5),
(408,172,10,1,129.0,0),
(409,173,6,1,899.0,0),
(410,173,12,2,56.05,5),
(411,173,13,2,149.0,0),
(412,173,15,2,71.1,10),
(413,174,18,3,89.0,0),
(414,174,14,3,99.0,0),
(415,174,25,2,26.1,10),
(416,175,16,1,426.55,5),
(417,175,10,3,129.0,0),
(418,176,6,2,899.0,0),
(419,176,7,3,426.55,5),
(420,176,5,1,169.15,15),
(421,176,2,1,719.1,10),
(422,177,13,3,141.55,5),
(423,178,23,3,314.1,10),
(424,179,19,1,39.0,0),
(425,180,21,2,799.0,0),
(426,180,16,1,449.0,0),
(427,180,19,2,39.0,0),
(428,180,20,3,161.1,10),
(429,181,24,2,49.0,0),
(430,182,16,1,449.0,0),
(431,182,23,1,349.0,0),
(432,182,22,3,426.55,5),
(433,183,15,2,67.15,15),
(434,183,7,2,404.1,10),
(435,184,5,1,199.0,0),
(436,184,25,1,29.0,0),
(437,184,17,1,699.0,0),
(438,184,19,1,37.05,5),
(439,185,12,2,50.15,15),
(440,185,15,1,67.15,15),
(441,185,17,1,699.0,0),
(442,186,19,2,33.15,15),
(443,186,18,3,89.0,0),
(444,186,12,2,59.0,0),
(445,186,6,2,899.0,0),
(446,187,21,3,799.0,0),
(447,187,8,2,211.65,15),
(448,188,21,3,799.0,0),
(449,188,6,1,899.0,0),
(450,189,13,1,141.55,5),
(451,189,12,2,50.15,15),
(452,189,15,3,71.1,10),
(453,189,9,2,359.1,10),
(454,190,16,1,449.0,0),
(455,191,7,1,449.0,0),
(456,191,5,3,189.05,5),
(457,191,17,3,699.0,0),
(458,192,9,2,339.15,15),
(459,192,14,1,89.1,10),
(460,192,13,3,134.1,10),
(461,193,22,1,381.65,15),
(462,193,12,3,59.0,0),
(463,193,17,2,699.0,0),
(464,193,10,2,129.0,0),
(465,194,21,2,799.0,0),
(466,194,3,3,79.0,0),
(467,194,8,2,249.0,0),
(468,195,16,1,381.65,15),
(469,196,17,3,664.05,5),
(470,196,4,3,349.0,0),
(471,197,11,3,18.05,5),
(472,197,14,1,99.0,0),
(473,198,9,3,399.0,0),
(474,198,7,2,449.0,0),
(475,198,25,1,26.1,10),
(476,198,6,2,764.15,15),
(477,199,2,3,799.0,0),
(478,200,22,1,381.65,15),
(479,201,4,3,314.1,10),
(480,201,13,2,149.0,0),
(481,202,24,2,41.65,15),
(482,202,17,1,699.0,0),
(483,202,20,2,179.0,0),
(484,202,11,1,19.0,0),
(485,203,24,3,44.1,10),
(486,203,1,1,1199.0,0),
(487,204,20,1,152.15,15),
(488,205,14,2,94.05,5),
(489,206,23,3,349.0,0),
(490,206,22,2,426.55,5),
(491,207,4,1,349.0,0),
(492,207,17,1,699.0,0),
(493,207,24,2,49.0,0),
(494,207,20,3,179.0,0),
(495,208,10,2,129.0,0),
(496,208,6,3,854.05,5),
(497,208,2,2,799.0,0),
(498,208,18,1,89.0,0),
(499,209,3,3,79.0,0),
(500,209,25,3,24.65,15);
INSERT INTO sales_order_items (order_item_id, order_id, product_id, quantity, unit_price_paid, discount_pct) VALUES
(501,210,10,1,129.0,0),
(502,210,9,1,399.0,0),
(503,210,15,2,67.15,15),
(504,210,2,2,759.05,5),
(505,211,12,2,50.15,15),
(506,211,15,1,79.0,0),
(507,211,20,2,179.0,0),
(508,212,23,1,349.0,0),
(509,212,16,1,381.65,15),
(510,212,14,3,99.0,0),
(511,212,21,1,799.0,0),
(512,213,20,2,161.1,10),
(513,213,13,1,126.65,15),
(514,214,15,3,79.0,0),
(515,214,2,1,679.15,15),
(516,214,3,3,71.1,10),
(517,214,9,3,359.1,10),
(518,215,22,2,381.65,15),
(519,215,24,3,41.65,15),
(520,215,8,2,249.0,0),
(521,215,16,3,404.1,10),
(522,216,6,2,899.0,0),
(523,216,3,2,79.0,0),
(524,216,25,1,26.1,10),
(525,216,16,1,404.1,10),
(526,217,16,2,449.0,0),
(527,218,13,2,149.0,0),
(528,219,21,2,799.0,0),
(529,219,22,2,449.0,0),
(530,220,4,1,349.0,0),
(531,220,25,2,24.65,15),
(532,220,22,2,404.1,10),
(533,220,8,3,249.0,0),
(534,221,23,3,331.55,5),
(535,221,24,1,49.0,0),
(536,222,7,2,449.0,0),
(537,222,23,3,296.65,15),
(538,222,11,3,19.0,0),
(539,222,4,2,331.55,5),
(540,223,18,2,80.1,10),
(541,224,13,3,134.1,10),
(542,225,9,2,399.0,0),
(543,225,13,2,149.0,0),
(544,226,23,3,349.0,0),
(545,226,24,1,49.0,0),
(546,226,18,3,75.65,15),
(547,227,17,3,594.15,15),
(548,227,18,2,75.65,15),
(549,228,1,1,1199.0,0),
(550,228,17,3,699.0,0),
(551,228,4,1,349.0,0),
(552,228,13,1,149.0,0),
(553,229,25,1,29.0,0),
(554,229,18,2,89.0,0),
(555,230,17,2,594.15,15),
(556,230,23,3,349.0,0),
(557,231,1,3,1199.0,0),
(558,232,25,3,26.1,10),
(559,232,19,1,33.15,15),
(560,232,18,1,89.0,0),
(561,233,24,1,46.55,5),
(562,233,17,1,664.05,5),
(563,234,1,3,1199.0,0),
(564,234,11,1,19.0,0),
(565,234,15,2,71.1,10),
(566,235,17,3,699.0,0),
(567,235,8,3,249.0,0),
(568,235,6,2,809.1,10),
(569,236,22,2,449.0,0),
(570,236,11,2,19.0,0),
(571,237,15,3,71.1,10),
(572,237,8,1,249.0,0),
(573,237,21,3,799.0,0),
(574,238,18,1,80.1,10),
(575,238,24,2,44.1,10),
(576,238,10,3,122.55,5),
(577,239,4,1,314.1,10),
(578,240,22,1,449.0,0),
(579,240,14,3,84.15,15),
(580,241,15,3,79.0,0),
(581,242,18,1,89.0,0),
(582,242,3,2,75.05,5),
(583,242,19,2,33.15,15),
(584,243,18,1,75.65,15),
(585,244,12,3,59.0,0),
(586,245,22,3,449.0,0),
(587,245,1,1,1019.15,15),
(588,245,16,2,404.1,10),
(589,245,6,2,764.15,15),
(590,246,18,3,89.0,0),
(591,247,10,1,109.65,15),
(592,248,6,3,899.0,0),
(593,248,8,1,249.0,0),
(594,249,10,3,129.0,0),
(595,250,12,3,59.0,0),
(596,250,5,1,199.0,0),
(597,250,22,3,449.0,0),
(598,251,19,2,37.05,5),
(599,251,12,1,59.0,0),
(600,252,12,3,59.0,0),
(601,252,5,2,189.05,5),
(602,252,22,2,449.0,0),
(603,253,9,1,359.1,10),
(604,254,1,3,1019.15,15),
(605,255,2,2,719.1,10),
(606,255,18,3,84.55,5),
(607,256,15,3,79.0,0),
(608,256,17,2,699.0,0),
(609,257,6,3,764.15,15),
(610,257,19,1,33.15,15),
(611,258,8,1,249.0,0),
(612,258,3,3,79.0,0),
(613,258,9,3,399.0,0),
(614,258,12,2,56.05,5),
(615,259,24,3,44.1,10),
(616,259,9,1,379.05,5),
(617,259,19,3,37.05,5),
(618,260,8,2,236.55,5),
(619,260,17,2,629.1,10),
(620,260,13,1,134.1,10),
(621,260,12,1,56.05,5),
(622,261,5,1,199.0,0),
(623,261,6,3,764.15,15),
(624,262,16,3,426.55,5),
(625,263,8,1,249.0,0),
(626,264,2,2,799.0,0),
(627,264,6,3,854.05,5),
(628,265,7,2,404.1,10),
(629,266,20,1,161.1,10),
(630,266,5,3,179.1,10),
(631,266,19,2,39.0,0),
(632,266,25,3,24.65,15),
(633,267,1,1,1079.1,10),
(634,268,16,3,449.0,0),
(635,268,20,3,161.1,10),
(636,269,17,3,629.1,10),
(637,269,14,2,99.0,0),
(638,269,12,2,56.05,5),
(639,269,2,2,719.1,10),
(640,270,25,3,26.1,10),
(641,270,8,2,249.0,0),
(642,270,3,1,79.0,0),
(643,270,10,3,109.65,15),
(644,271,21,2,799.0,0),
(645,271,7,1,449.0,0),
(646,271,23,2,296.65,15),
(647,271,11,3,19.0,0),
(648,272,22,1,426.55,5),
(649,272,13,3,134.1,10),
(650,272,25,2,29.0,0),
(651,273,24,3,49.0,0),
(652,273,5,2,169.15,15),
(653,273,22,1,449.0,0),
(654,273,4,1,314.1,10),
(655,274,13,1,149.0,0),
(656,274,21,1,759.05,5),
(657,275,3,3,75.05,5),
(658,275,20,2,161.1,10),
(659,275,2,3,719.1,10),
(660,276,21,2,799.0,0),
(661,276,16,1,381.65,15),
(662,277,22,2,449.0,0),
(663,277,2,3,799.0,0),
(664,278,19,3,33.15,15),
(665,278,7,1,449.0,0),
(666,278,17,3,699.0,0),
(667,278,1,3,1079.1,10),
(668,279,15,3,79.0,0),
(669,279,13,2,149.0,0),
(670,280,4,3,314.1,10),
(671,280,17,2,594.15,15),
(672,280,9,2,379.05,5),
(673,281,22,2,449.0,0),
(674,281,15,2,79.0,0),
(675,281,19,2,33.15,15),
(676,281,1,1,1019.15,15),
(677,282,23,2,349.0,0),
(678,283,12,2,59.0,0),
(679,283,7,3,381.65,15),
(680,283,19,1,37.05,5),
(681,284,8,1,224.1,10),
(682,284,7,2,449.0,0),
(683,285,25,3,29.0,0),
(684,286,16,3,449.0,0),
(685,286,6,2,899.0,0),
(686,286,25,3,29.0,0),
(687,287,17,2,664.05,5),
(688,288,23,1,331.55,5),
(689,288,1,3,1199.0,0),
(690,288,22,2,449.0,0),
(691,289,12,2,59.0,0),
(692,289,6,2,764.15,15),
(693,289,16,2,449.0,0),
(694,290,4,2,349.0,0),
(695,290,24,3,46.55,5),
(696,291,6,2,854.05,5),
(697,292,10,1,122.55,5),
(698,292,9,1,339.15,15),
(699,292,18,1,89.0,0),
(700,292,19,1,39.0,0),
(701,293,18,1,84.55,5),
(702,293,9,1,399.0,0),
(703,293,12,3,53.1,10),
(704,294,11,2,16.15,15),
(705,294,22,2,449.0,0),
(706,294,17,2,629.1,10),
(707,295,14,3,94.05,5),
(708,295,21,1,799.0,0),
(709,295,20,1,179.0,0),
(710,296,15,3,71.1,10),
(711,296,25,3,27.55,5),
(712,296,12,2,59.0,0),
(713,297,24,1,49.0,0),
(714,297,23,2,349.0,0),
(715,297,3,1,79.0,0),
(716,298,4,2,314.1,10),
(717,299,8,2,236.55,5),
(718,299,24,3,49.0,0),
(719,300,22,2,449.0,0),
(720,301,23,1,314.1,10),
(721,301,18,3,84.55,5),
(722,302,16,1,426.55,5),
(723,302,18,2,89.0,0),
(724,302,8,2,249.0,0),
(725,303,25,2,29.0,0),
(726,303,16,3,449.0,0),
(727,303,10,1,116.1,10),
(728,303,1,2,1199.0,0),
(729,304,6,3,764.15,15),
(730,304,23,2,331.55,5),
(731,305,10,3,129.0,0),
(732,305,21,2,799.0,0),
(733,305,24,1,49.0,0),
(734,306,9,1,399.0,0),
(735,306,23,1,349.0,0),
(736,306,20,1,161.1,10),
(737,306,16,1,449.0,0),
(738,307,8,1,249.0,0),
(739,308,23,1,349.0,0),
(740,308,2,2,759.05,5),
(741,308,11,1,17.1,10),
(742,308,3,2,79.0,0),
(743,309,25,3,29.0,0),
(744,310,24,3,49.0,0),
(745,310,25,2,27.55,5),
(746,310,4,3,349.0,0),
(747,310,17,2,699.0,0),
(748,311,16,1,449.0,0),
(749,311,21,1,679.15,15),
(750,311,10,1,129.0,0),
(751,312,9,1,379.05,5),
(752,312,19,1,39.0,0),
(753,313,8,1,236.55,5),
(754,314,12,3,59.0,0),
(755,315,11,3,19.0,0),
(756,315,18,2,75.65,15),
(757,316,2,2,719.1,10),
(758,316,16,2,404.1,10),
(759,316,23,3,331.55,5),
(760,317,9,1,359.1,10),
(761,317,20,1,170.05,5),
(762,317,18,2,89.0,0),
(763,317,6,3,899.0,0),
(764,318,25,2,24.65,15),
(765,318,20,1,152.15,15),
(766,318,8,3,236.55,5),
(767,319,11,2,19.0,0),
(768,319,14,1,89.1,10),
(769,319,21,3,799.0,0),
(770,320,7,1,426.55,5),
(771,321,12,1,53.1,10),
(772,322,15,3,79.0,0),
(773,323,20,2,161.1,10),
(774,324,17,1,594.15,15),
(775,324,4,1,314.1,10),
(776,325,24,3,49.0,0),
(777,325,4,3,331.55,5),
(778,325,25,3,24.65,15),
(779,325,21,2,799.0,0),
(780,326,11,2,16.15,15),
(781,326,18,2,75.65,15),
(782,326,12,2,53.1,10),
(783,327,12,1,50.15,15),
(784,327,15,1,79.0,0),
(785,327,13,3,149.0,0),
(786,328,8,1,211.65,15),
(787,328,7,2,404.1,10),
(788,328,11,3,17.1,10),
(789,329,15,2,79.0,0),
(790,330,9,1,359.1,10),
(791,330,10,2,116.1,10),
(792,331,6,1,809.1,10),
(793,331,16,3,449.0,0),
(794,331,23,1,296.65,15),
(795,331,19,3,37.05,5),
(796,332,25,1,24.65,15),
(797,333,10,3,129.0,0),
(798,334,5,3,169.15,15),
(799,334,2,2,759.05,5),
(800,335,13,1,141.55,5),
(801,335,5,3,169.15,15),
(802,335,11,1,17.1,10),
(803,336,25,2,26.1,10),
(804,336,5,1,189.05,5),
(805,337,3,2,79.0,0),
(806,337,9,3,359.1,10),
(807,338,20,2,179.0,0),
(808,338,21,2,719.1,10),
(809,338,1,2,1079.1,10),
(810,339,5,1,199.0,0),
(811,339,25,3,29.0,0),
(812,339,24,1,44.1,10),
(813,340,11,3,19.0,0),
(814,341,24,1,49.0,0),
(815,341,18,3,80.1,10),
(816,342,19,2,39.0,0),
(817,342,22,1,449.0,0),
(818,342,17,1,594.15,15),
(819,342,2,3,799.0,0),
(820,343,22,1,449.0,0),
(821,343,9,3,379.05,5),
(822,343,12,1,56.05,5),
(823,343,4,3,296.65,15),
(824,344,7,2,404.1,10),
(825,344,17,3,699.0,0),
(826,345,16,1,449.0,0),
(827,345,13,2,126.65,15),
(828,345,24,2,49.0,0),
(829,346,1,1,1199.0,0),
(830,346,18,2,75.65,15),
(831,346,9,1,399.0,0),
(832,346,8,3,236.55,5),
(833,347,8,2,224.1,10),
(834,347,19,2,37.05,5),
(835,347,5,3,199.0,0),
(836,347,14,1,84.15,15),
(837,348,23,2,349.0,0),
(838,348,17,3,629.1,10),
(839,348,5,1,199.0,0),
(840,349,5,2,189.05,5),
(841,349,24,2,49.0,0),
(842,349,1,2,1019.15,15),
(843,350,6,3,809.1,10),
(844,350,1,2,1079.1,10),
(845,351,22,2,449.0,0),
(846,351,1,3,1139.05,5),
(847,352,13,2,149.0,0),
(848,352,16,1,449.0,0),
(849,353,8,1,249.0,0),
(850,353,24,1,46.55,5),
(851,353,22,3,426.55,5),
(852,353,7,3,449.0,0),
(853,354,20,3,170.05,5),
(854,355,15,2,79.0,0),
(855,356,17,1,699.0,0),
(856,356,25,2,27.55,5),
(857,356,21,2,799.0,0),
(858,356,2,2,799.0,0),
(859,357,21,3,799.0,0),
(860,357,15,1,71.1,10),
(861,357,3,3,71.1,10),
(862,357,24,1,46.55,5),
(863,358,19,1,39.0,0),
(864,358,23,2,296.65,15),
(865,358,7,3,381.65,15),
(866,358,15,1,67.15,15),
(867,359,17,3,664.05,5),
(868,360,2,3,679.15,15),
(869,360,25,1,29.0,0),
(870,360,6,1,899.0,0),
(871,360,11,3,19.0,0),
(872,361,7,3,449.0,0),
(873,361,1,1,1139.05,5),
(874,362,8,2,236.55,5),
(875,362,7,2,426.55,5),
(876,362,19,1,35.1,10),
(877,362,22,3,449.0,0),
(878,363,6,1,899.0,0),
(879,364,3,2,79.0,0),
(880,364,2,1,679.15,15),
(881,364,4,2,314.1,10),
(882,365,2,2,799.0,0),
(883,365,3,2,75.05,5),
(884,365,25,1,27.55,5),
(885,366,23,2,349.0,0),
(886,367,24,2,44.1,10),
(887,367,23,2,349.0,0),
(888,367,20,3,161.1,10),
(889,367,10,3,129.0,0),
(890,368,20,3,179.0,0),
(891,368,8,1,249.0,0),
(892,369,14,3,84.15,15),
(893,369,2,1,799.0,0),
(894,369,11,3,19.0,0),
(895,369,12,3,59.0,0),
(896,370,22,2,449.0,0),
(897,371,7,2,381.65,15),
(898,371,11,2,18.05,5),
(899,372,18,3,89.0,0),
(900,372,11,3,19.0,0),
(901,372,15,3,67.15,15),
(902,372,14,3,99.0,0),
(903,373,3,1,79.0,0),
(904,373,5,2,169.15,15),
(905,373,9,3,399.0,0),
(906,374,23,2,331.55,5),
(907,374,11,1,18.05,5),
(908,374,2,1,799.0,0),
(909,375,6,1,899.0,0),
(910,375,4,1,331.55,5),
(911,375,12,3,59.0,0),
(912,376,16,2,449.0,0),
(913,376,24,1,49.0,0),
(914,376,17,3,594.15,15),
(915,377,2,1,799.0,0),
(916,377,22,2,449.0,0),
(917,377,20,1,161.1,10),
(918,378,7,3,449.0,0),
(919,378,10,2,109.65,15),
(920,378,9,1,399.0,0),
(921,379,18,3,89.0,0),
(922,379,12,2,59.0,0),
(923,380,20,2,179.0,0),
(924,380,11,1,19.0,0),
(925,380,18,2,75.65,15),
(926,381,13,3,126.65,15),
(927,381,6,3,764.15,15),
(928,381,23,2,314.1,10),
(929,381,20,2,179.0,0),
(930,382,19,2,39.0,0),
(931,382,5,2,199.0,0),
(932,382,3,3,67.15,15),
(933,382,23,3,331.55,5),
(934,383,13,3,149.0,0),
(935,383,6,2,854.05,5),
(936,383,23,2,349.0,0),
(937,384,10,2,116.1,10),
(938,384,25,3,29.0,0),
(939,385,18,3,84.55,5),
(940,385,15,1,71.1,10),
(941,385,13,1,134.1,10),
(942,386,7,2,426.55,5),
(943,386,23,3,349.0,0),
(944,386,19,3,33.15,15),
(945,387,19,3,37.05,5),
(946,388,13,1,126.65,15),
(947,388,3,3,75.05,5),
(948,388,20,2,170.05,5),
(949,389,22,2,404.1,10),
(950,389,5,2,189.05,5),
(951,390,19,2,33.15,15),
(952,390,22,2,449.0,0),
(953,390,10,3,129.0,0),
(954,391,12,3,59.0,0),
(955,392,1,3,1079.1,10),
(956,392,8,2,211.65,15),
(957,392,14,2,84.15,15),
(958,393,16,1,404.1,10),
(959,393,5,2,199.0,0),
(960,394,3,3,79.0,0),
(961,395,21,2,679.15,15),
(962,395,14,3,94.05,5),
(963,396,8,3,249.0,0),
(964,396,6,3,854.05,5),
(965,396,14,3,99.0,0),
(966,397,2,3,759.05,5),
(967,398,24,2,46.55,5),
(968,398,17,3,699.0,0),
(969,399,21,3,679.15,15),
(970,399,24,3,44.1,10),
(971,399,22,2,404.1,10),
(972,399,3,1,79.0,0),
(973,400,19,2,39.0,0),
(974,400,24,2,49.0,0),
(975,400,11,1,16.15,15),
(976,400,14,3,84.15,15),
(977,401,21,2,719.1,10),
(978,402,16,3,449.0,0),
(979,402,3,2,79.0,0),
(980,402,5,1,179.1,10),
(981,403,20,1,161.1,10),
(982,404,23,1,314.1,10),
(983,404,8,1,249.0,0),
(984,404,16,1,449.0,0),
(985,405,22,3,381.65,15),
(986,405,15,1,79.0,0),
(987,406,25,1,27.55,5),
(988,406,4,2,331.55,5),
(989,406,2,2,759.05,5),
(990,407,5,1,199.0,0),
(991,407,17,2,664.05,5),
(992,407,14,3,99.0,0),
(993,408,20,2,179.0,0),
(994,408,21,1,799.0,0),
(995,408,9,3,359.1,10),
(996,408,11,2,18.05,5),
(997,409,22,2,404.1,10),
(998,409,23,1,296.65,15),
(999,409,6,1,899.0,0),
(1000,410,12,2,59.0,0);
INSERT INTO sales_order_items (order_item_id, order_id, product_id, quantity, unit_price_paid, discount_pct) VALUES
(1001,410,8,1,249.0,0),
(1002,410,24,3,49.0,0),
(1003,410,10,1,116.1,10),
(1004,411,3,3,79.0,0),
(1005,412,23,1,349.0,0),
(1006,413,25,3,29.0,0),
(1007,413,14,2,99.0,0),
(1008,413,23,1,349.0,0),
(1009,414,9,1,379.05,5),
(1010,414,6,1,809.1,10),
(1011,414,15,2,79.0,0),
(1012,415,20,1,170.05,5),
(1013,415,21,3,799.0,0),
(1014,416,5,3,189.05,5),
(1015,416,21,2,799.0,0),
(1016,416,1,3,1199.0,0),
(1017,416,2,2,719.1,10),
(1018,417,13,3,149.0,0),
(1019,417,24,1,46.55,5),
(1020,417,25,3,27.55,5),
(1021,417,3,1,71.1,10),
(1022,418,13,3,149.0,0),
(1023,418,2,2,719.1,10),
(1024,418,21,2,799.0,0),
(1025,419,18,2,75.65,15),
(1026,419,2,1,799.0,0),
(1027,420,3,1,79.0,0),
(1028,420,21,1,799.0,0),
(1029,420,15,1,67.15,15),
(1030,420,24,3,49.0,0),
(1031,421,18,2,89.0,0),
(1032,421,15,2,67.15,15),
(1033,421,1,1,1139.05,5),
(1034,421,2,1,799.0,0),
(1035,422,2,3,799.0,0),
(1036,423,21,2,799.0,0),
(1037,423,2,2,719.1,10),
(1038,424,16,3,404.1,10),
(1039,425,24,2,49.0,0),
(1040,425,22,3,404.1,10),
(1041,425,13,3,149.0,0),
(1042,426,19,1,39.0,0),
(1043,427,23,3,349.0,0),
(1044,427,12,2,59.0,0),
(1045,428,1,1,1199.0,0),
(1046,428,16,1,449.0,0),
(1047,429,5,2,179.1,10),
(1048,429,21,2,759.05,5),
(1049,430,23,3,349.0,0),
(1050,430,16,3,449.0,0),
(1051,431,4,1,314.1,10),
(1052,431,17,2,629.1,10),
(1053,432,7,1,449.0,0),
(1054,433,21,2,799.0,0),
(1055,434,4,3,349.0,0),
(1056,435,3,1,67.15,15),
(1057,436,11,1,19.0,0),
(1058,437,3,3,75.05,5),
(1059,437,16,1,426.55,5),
(1060,438,13,1,141.55,5),
(1061,438,12,3,59.0,0),
(1062,439,2,3,799.0,0),
(1063,439,23,2,349.0,0),
(1064,440,25,1,29.0,0),
(1065,440,11,3,19.0,0),
(1066,441,17,2,664.05,5),
(1067,441,16,2,449.0,0),
(1068,441,7,3,426.55,5),
(1069,441,19,3,39.0,0),
(1070,442,19,2,39.0,0),
(1071,442,1,1,1139.05,5),
(1072,443,23,1,349.0,0),
(1073,443,4,3,349.0,0),
(1074,443,15,3,67.15,15),
(1075,443,16,2,449.0,0),
(1076,444,16,3,449.0,0),
(1077,445,15,2,79.0,0),
(1078,445,25,2,24.65,15),
(1079,445,5,2,169.15,15),
(1080,445,23,3,349.0,0),
(1081,446,23,3,349.0,0),
(1082,446,20,3,179.0,0),
(1083,446,18,3,89.0,0),
(1084,447,13,2,141.55,5),
(1085,448,5,1,179.1,10),
(1086,448,11,1,16.15,15),
(1087,449,11,2,17.1,10),
(1088,449,12,3,56.05,5),
(1089,450,16,3,381.65,15),
(1090,450,17,3,699.0,0),
(1091,450,4,2,314.1,10),
(1092,450,23,2,296.65,15),
(1093,451,4,1,349.0,0),
(1094,452,17,1,699.0,0),
(1095,452,21,2,679.15,15),
(1096,453,15,2,79.0,0),
(1097,453,24,1,49.0,0),
(1098,453,21,1,719.1,10),
(1099,453,1,3,1199.0,0),
(1100,454,15,2,79.0,0),
(1101,454,10,2,129.0,0),
(1102,454,19,2,39.0,0),
(1103,454,5,2,199.0,0),
(1104,455,23,2,349.0,0),
(1105,455,18,1,75.65,15),
(1106,456,19,2,39.0,0),
(1107,456,5,1,199.0,0),
(1108,456,15,3,67.15,15),
(1109,457,15,3,79.0,0),
(1110,457,18,1,89.0,0),
(1111,457,6,2,854.05,5),
(1112,458,24,3,44.1,10),
(1113,459,25,1,26.1,10),
(1114,459,19,3,37.05,5),
(1115,459,22,2,381.65,15),
(1116,460,10,1,122.55,5),
(1117,461,25,1,29.0,0),
(1118,461,9,1,359.1,10),
(1119,462,16,3,404.1,10),
(1120,462,11,3,19.0,0),
(1121,463,13,2,149.0,0),
(1122,463,12,2,59.0,0),
(1123,463,1,2,1079.1,10),
(1124,464,10,3,122.55,5),
(1125,464,6,1,809.1,10),
(1126,464,24,3,49.0,0),
(1127,464,14,1,99.0,0),
(1128,465,1,2,1019.15,15),
(1129,466,7,2,449.0,0),
(1130,466,6,3,854.05,5),
(1131,467,18,1,89.0,0),
(1132,467,24,1,49.0,0),
(1133,467,15,2,67.15,15),
(1134,467,8,3,236.55,5),
(1135,468,16,3,449.0,0),
(1136,468,23,1,349.0,0),
(1137,469,19,3,37.05,5),
(1138,469,14,3,99.0,0),
(1139,469,9,2,359.1,10),
(1140,469,21,3,719.1,10),
(1141,470,11,3,19.0,0),
(1142,470,15,2,79.0,0),
(1143,471,10,2,116.1,10),
(1144,472,18,2,75.65,15),
(1145,472,11,2,19.0,0),
(1146,473,5,3,199.0,0),
(1147,474,4,1,314.1,10),
(1148,474,7,1,449.0,0),
(1149,475,15,1,75.05,5),
(1150,475,3,2,79.0,0),
(1151,475,4,3,349.0,0),
(1152,475,5,1,189.05,5),
(1153,476,8,1,211.65,15),
(1154,477,14,3,99.0,0),
(1155,478,2,3,719.1,10),
(1156,479,10,3,129.0,0),
(1157,480,1,3,1199.0,0),
(1158,480,3,3,79.0,0),
(1159,480,5,2,199.0,0),
(1160,481,4,3,349.0,0),
(1161,482,25,1,24.65,15),
(1162,482,18,1,89.0,0),
(1163,483,22,2,426.55,5),
(1164,483,4,1,314.1,10),
(1165,483,6,1,854.05,5),
(1166,483,12,1,59.0,0),
(1167,484,23,3,349.0,0),
(1168,484,10,1,129.0,0),
(1169,484,18,2,89.0,0),
(1170,485,18,2,84.55,5),
(1171,485,14,1,99.0,0),
(1172,486,22,2,381.65,15),
(1173,487,5,2,189.05,5),
(1174,488,7,2,449.0,0),
(1175,488,11,1,18.05,5),
(1176,488,20,3,170.05,5),
(1177,489,12,2,56.05,5),
(1178,489,16,3,449.0,0),
(1179,489,22,1,426.55,5),
(1180,489,20,1,179.0,0),
(1181,490,22,3,381.65,15),
(1182,490,1,2,1199.0,0),
(1183,490,6,2,809.1,10),
(1184,490,13,3,149.0,0),
(1185,491,10,2,122.55,5),
(1186,491,22,3,449.0,0),
(1187,492,14,1,94.05,5),
(1188,493,2,2,679.15,15),
(1189,493,6,1,854.05,5),
(1190,493,18,2,89.0,0),
(1191,493,22,2,381.65,15),
(1192,494,16,1,426.55,5),
(1193,494,18,2,84.55,5),
(1194,494,6,3,854.05,5),
(1195,494,17,3,594.15,15),
(1196,495,1,3,1199.0,0),
(1197,496,4,3,349.0,0),
(1198,496,14,1,99.0,0),
(1199,496,12,3,59.0,0),
(1200,496,2,3,799.0,0),
(1201,497,2,2,719.1,10),
(1202,497,15,3,75.05,5),
(1203,497,22,2,449.0,0),
(1204,498,11,1,16.15,15),
(1205,498,19,3,39.0,0),
(1206,498,4,2,331.55,5),
(1207,498,16,3,381.65,15),
(1208,499,7,3,449.0,0),
(1209,499,16,2,449.0,0),
(1210,499,21,1,799.0,0),
(1211,499,3,3,75.05,5),
(1212,500,19,3,37.05,5),
(1213,501,14,2,99.0,0),
(1214,501,22,2,426.55,5),
(1215,501,18,2,80.1,10),
(1216,502,19,1,33.15,15),
(1217,502,16,3,426.55,5),
(1218,503,17,1,699.0,0),
(1219,504,21,1,759.05,5),
(1220,505,22,2,449.0,0),
(1221,505,20,1,179.0,0),
(1222,505,8,1,249.0,0),
(1223,506,18,1,89.0,0),
(1224,506,14,2,99.0,0),
(1225,506,21,1,799.0,0),
(1226,506,2,2,679.15,15),
(1227,507,2,1,799.0,0),
(1228,508,13,3,149.0,0),
(1229,509,3,2,79.0,0),
(1230,509,8,3,211.65,15),
(1231,509,20,2,152.15,15),
(1232,509,4,3,349.0,0),
(1233,510,9,2,399.0,0),
(1234,510,15,3,79.0,0),
(1235,511,16,1,449.0,0),
(1236,511,22,2,381.65,15),
(1237,511,8,2,249.0,0),
(1238,511,9,1,339.15,15),
(1239,512,9,2,399.0,0),
(1240,512,18,3,75.65,15),
(1241,513,1,1,1199.0,0),
(1242,513,13,2,149.0,0),
(1243,513,9,1,379.05,5),
(1244,513,10,3,129.0,0),
(1245,514,16,3,426.55,5),
(1246,514,24,1,49.0,0),
(1247,514,14,3,99.0,0),
(1248,514,11,3,19.0,0),
(1249,515,23,3,296.65,15),
(1250,515,1,1,1019.15,15),
(1251,515,25,2,24.65,15),
(1252,515,2,1,799.0,0),
(1253,516,17,3,699.0,0),
(1254,516,23,3,296.65,15),
(1255,517,24,3,44.1,10),
(1256,517,5,2,199.0,0),
(1257,517,9,1,399.0,0),
(1258,517,6,2,899.0,0),
(1259,518,1,3,1019.15,15),
(1260,519,23,2,314.1,10),
(1261,519,6,2,809.1,10),
(1262,519,2,2,799.0,0),
(1263,520,23,3,331.55,5),
(1264,521,10,2,129.0,0),
(1265,521,24,2,49.0,0),
(1266,521,16,3,449.0,0),
(1267,522,14,1,99.0,0),
(1268,522,5,2,199.0,0),
(1269,523,1,2,1199.0,0),
(1270,524,23,2,349.0,0),
(1271,524,14,1,89.1,10),
(1272,524,24,1,49.0,0),
(1273,524,20,2,179.0,0),
(1274,525,13,1,134.1,10),
(1275,525,22,1,404.1,10),
(1276,525,12,1,59.0,0),
(1277,526,3,3,71.1,10),
(1278,526,11,2,19.0,0),
(1279,527,9,2,399.0,0),
(1280,527,24,3,49.0,0),
(1281,527,12,3,59.0,0),
(1282,527,14,2,99.0,0),
(1283,528,2,1,799.0,0),
(1284,528,7,2,449.0,0),
(1285,528,5,1,169.15,15),
(1286,528,8,2,236.55,5),
(1287,529,12,2,56.05,5),
(1288,529,23,1,296.65,15),
(1289,529,18,1,89.0,0),
(1290,529,16,2,449.0,0),
(1291,530,17,3,699.0,0),
(1292,531,11,1,19.0,0),
(1293,532,5,2,169.15,15),
(1294,532,1,3,1139.05,5),
(1295,532,3,2,67.15,15),
(1296,533,21,3,759.05,5),
(1297,534,2,2,799.0,0),
(1298,534,21,1,679.15,15),
(1299,535,9,2,399.0,0),
(1300,535,6,1,899.0,0),
(1301,535,8,1,236.55,5),
(1302,535,25,2,29.0,0),
(1303,536,22,3,449.0,0),
(1304,536,4,2,331.55,5),
(1305,536,12,2,56.05,5),
(1306,537,12,3,56.05,5),
(1307,537,20,1,179.0,0),
(1308,537,6,3,899.0,0),
(1309,537,14,2,84.15,15),
(1310,538,17,2,664.05,5),
(1311,538,21,1,759.05,5),
(1312,538,3,2,79.0,0),
(1313,538,10,1,109.65,15),
(1314,539,19,1,39.0,0),
(1315,539,2,3,799.0,0),
(1316,539,18,3,84.55,5),
(1317,540,9,3,399.0,0),
(1318,540,19,1,33.15,15),
(1319,540,3,3,75.05,5),
(1320,541,19,3,37.05,5),
(1321,541,24,3,49.0,0),
(1322,541,15,2,79.0,0),
(1323,542,14,3,99.0,0),
(1324,543,15,3,71.1,10),
(1325,543,23,3,331.55,5),
(1326,543,13,2,134.1,10),
(1327,543,22,3,449.0,0),
(1328,544,1,1,1199.0,0),
(1329,544,7,3,449.0,0),
(1330,545,10,2,129.0,0),
(1331,546,24,2,46.55,5),
(1332,546,23,2,349.0,0),
(1333,547,2,3,679.15,15),
(1334,547,11,2,18.05,5),
(1335,547,1,2,1019.15,15),
(1336,547,4,3,314.1,10),
(1337,548,23,3,349.0,0),
(1338,548,2,2,719.1,10),
(1339,549,15,1,79.0,0),
(1340,549,23,2,296.65,15),
(1341,549,14,1,94.05,5),
(1342,550,20,2,179.0,0),
(1343,550,23,2,296.65,15),
(1344,550,22,3,426.55,5),
(1345,551,6,3,764.15,15),
(1346,551,20,1,152.15,15),
(1347,551,7,2,449.0,0),
(1348,551,10,1,129.0,0),
(1349,552,7,1,449.0,0),
(1350,552,18,2,89.0,0),
(1351,553,11,2,19.0,0),
(1352,554,11,1,17.1,10),
(1353,554,12,2,59.0,0),
(1354,554,25,3,26.1,10),
(1355,555,4,3,314.1,10),
(1356,556,21,1,799.0,0),
(1357,556,4,1,296.65,15),
(1358,557,5,3,199.0,0),
(1359,558,16,2,404.1,10),
(1360,558,11,1,19.0,0),
(1361,559,5,3,189.05,5),
(1362,559,25,1,29.0,0),
(1363,560,1,1,1019.15,15),
(1364,560,15,3,79.0,0),
(1365,560,5,1,199.0,0),
(1366,561,19,3,33.15,15),
(1367,561,2,3,719.1,10),
(1368,562,12,3,53.1,10),
(1369,562,1,1,1019.15,15),
(1370,562,9,2,379.05,5),
(1371,563,21,1,799.0,0),
(1372,563,13,1,149.0,0),
(1373,563,25,3,29.0,0),
(1374,564,7,3,449.0,0),
(1375,564,3,3,79.0,0),
(1376,564,17,3,699.0,0),
(1377,565,25,3,27.55,5),
(1378,565,10,3,129.0,0),
(1379,566,25,3,29.0,0),
(1380,567,10,3,109.65,15),
(1381,567,22,1,381.65,15),
(1382,567,23,2,314.1,10),
(1383,568,15,3,75.05,5),
(1384,568,4,2,349.0,0),
(1385,568,5,1,199.0,0),
(1386,569,9,2,379.05,5),
(1387,569,19,3,37.05,5),
(1388,569,16,3,426.55,5),
(1389,569,21,1,799.0,0),
(1390,570,23,1,331.55,5),
(1391,571,4,2,314.1,10),
(1392,572,16,1,404.1,10),
(1393,572,1,2,1199.0,0),
(1394,572,5,2,199.0,0),
(1395,573,18,2,89.0,0),
(1396,574,11,3,19.0,0),
(1397,574,13,1,134.1,10),
(1398,574,16,3,426.55,5),
(1399,574,24,2,41.65,15),
(1400,575,13,1,126.65,15),
(1401,575,8,2,211.65,15),
(1402,575,11,2,16.15,15),
(1403,575,18,1,89.0,0),
(1404,576,17,3,699.0,0),
(1405,576,1,1,1199.0,0),
(1406,576,4,1,349.0,0),
(1407,576,22,3,404.1,10),
(1408,577,19,2,37.05,5),
(1409,577,2,1,759.05,5),
(1410,577,16,1,404.1,10),
(1411,577,1,2,1139.05,5),
(1412,578,5,1,199.0,0),
(1413,578,6,2,854.05,5),
(1414,578,9,3,399.0,0),
(1415,579,23,1,349.0,0),
(1416,580,9,1,399.0,0),
(1417,580,13,1,134.1,10),
(1418,580,4,3,349.0,0),
(1419,581,2,3,759.05,5),
(1420,581,11,1,18.05,5),
(1421,581,15,1,75.05,5),
(1422,582,19,1,33.15,15),
(1423,582,14,3,99.0,0),
(1424,582,15,1,79.0,0),
(1425,583,18,2,80.1,10),
(1426,583,15,2,67.15,15),
(1427,583,2,1,799.0,0),
(1428,583,1,1,1139.05,5),
(1429,584,19,2,39.0,0),
(1430,584,17,1,594.15,15),
(1431,585,23,3,349.0,0),
(1432,585,4,2,349.0,0),
(1433,585,5,3,179.1,10),
(1434,585,24,2,41.65,15),
(1435,586,8,2,249.0,0),
(1436,586,22,2,404.1,10),
(1437,586,11,2,19.0,0),
(1438,587,14,3,84.15,15),
(1439,587,18,2,84.55,5),
(1440,588,22,3,449.0,0),
(1441,588,4,2,349.0,0),
(1442,588,12,3,59.0,0),
(1443,588,13,1,141.55,5),
(1444,589,24,2,41.65,15),
(1445,589,1,3,1199.0,0),
(1446,590,8,2,249.0,0),
(1447,590,16,2,426.55,5),
(1448,591,19,1,35.1,10),
(1449,591,17,1,594.15,15),
(1450,591,16,3,404.1,10),
(1451,592,5,2,179.1,10),
(1452,593,22,3,381.65,15),
(1453,593,1,3,1079.1,10),
(1454,594,14,3,89.1,10),
(1455,594,9,2,379.05,5),
(1456,594,4,2,314.1,10),
(1457,595,14,2,99.0,0),
(1458,595,18,2,89.0,0),
(1459,595,15,2,79.0,0),
(1460,596,3,2,79.0,0),
(1461,596,8,1,211.65,15),
(1462,596,7,3,449.0,0),
(1463,596,6,1,854.05,5),
(1464,597,8,1,249.0,0),
(1465,597,4,1,349.0,0),
(1466,597,16,3,449.0,0),
(1467,598,3,1,79.0,0),
(1468,599,2,1,799.0,0),
(1469,599,15,3,67.15,15),
(1470,600,13,2,149.0,0),
(1471,600,4,3,296.65,15),
(1472,600,20,3,179.0,0),
(1473,601,21,2,719.1,10),
(1474,601,22,2,404.1,10),
(1475,601,1,1,1199.0,0),
(1476,602,21,2,799.0,0),
(1477,602,17,2,664.05,5),
(1478,603,5,2,179.1,10),
(1479,604,16,3,449.0,0),
(1480,604,10,2,129.0,0),
(1481,605,17,1,664.05,5),
(1482,605,18,2,89.0,0),
(1483,606,7,3,381.65,15),
(1484,606,22,2,404.1,10),
(1485,606,16,3,449.0,0),
(1486,607,11,1,18.05,5),
(1487,607,6,1,899.0,0),
(1488,607,4,3,349.0,0),
(1489,607,15,3,79.0,0),
(1490,608,13,1,149.0,0),
(1491,608,6,1,899.0,0),
(1492,609,15,3,79.0,0),
(1493,609,7,1,449.0,0),
(1494,609,21,1,799.0,0),
(1495,610,7,1,449.0,0),
(1496,610,1,1,1199.0,0),
(1497,611,10,1,129.0,0),
(1498,611,15,2,67.15,15),
(1499,612,4,1,349.0,0),
(1500,613,20,1,179.0,0);
INSERT INTO sales_order_items (order_item_id, order_id, product_id, quantity, unit_price_paid, discount_pct) VALUES
(1501,613,14,3,89.1,10),
(1502,613,21,1,719.1,10),
(1503,614,21,2,799.0,0),
(1504,615,22,3,426.55,5),
(1505,615,20,3,161.1,10),
(1506,615,3,2,75.05,5),
(1507,615,6,3,854.05,5),
(1508,616,16,3,404.1,10),
(1509,616,9,3,399.0,0),
(1510,616,19,1,39.0,0),
(1511,616,13,1,141.55,5),
(1512,617,9,1,399.0,0),
(1513,617,18,2,84.55,5),
(1514,617,3,3,79.0,0),
(1515,618,15,2,79.0,0),
(1516,618,14,2,99.0,0),
(1517,618,12,1,56.05,5),
(1518,618,16,1,449.0,0),
(1519,619,9,1,399.0,0),
(1520,620,7,2,449.0,0),
(1521,620,22,3,381.65,15),
(1522,620,11,2,19.0,0),
(1523,621,12,3,59.0,0),
(1524,621,13,2,126.65,15),
(1525,621,19,3,39.0,0),
(1526,622,3,2,67.15,15),
(1527,622,11,2,19.0,0),
(1528,622,7,2,426.55,5),
(1529,623,24,3,49.0,0),
(1530,623,1,2,1199.0,0),
(1531,623,16,2,426.55,5),
(1532,624,19,1,39.0,0),
(1533,624,1,2,1079.1,10),
(1534,624,2,3,719.1,10),
(1535,625,7,3,426.55,5),
(1536,625,16,3,449.0,0),
(1537,625,4,1,349.0,0),
(1538,625,11,1,16.15,15),
(1539,626,6,1,899.0,0),
(1540,627,6,2,854.05,5),
(1541,628,24,1,49.0,0),
(1542,628,3,2,75.05,5),
(1543,628,13,3,126.65,15),
(1544,628,7,2,449.0,0),
(1545,629,9,2,399.0,0),
(1546,629,7,2,404.1,10),
(1547,629,1,1,1079.1,10),
(1548,629,5,2,179.1,10),
(1549,630,21,3,679.15,15),
(1550,630,15,2,75.05,5),
(1551,630,12,3,59.0,0),
(1552,631,13,3,149.0,0),
(1553,631,22,2,381.65,15),
(1554,631,6,1,899.0,0),
(1555,631,23,1,349.0,0),
(1556,632,14,2,99.0,0),
(1557,632,25,1,26.1,10),
(1558,632,18,2,84.55,5),
(1559,632,4,2,349.0,0),
(1560,633,24,2,49.0,0),
(1561,633,13,1,149.0,0),
(1562,633,7,1,381.65,15),
(1563,634,15,1,67.15,15),
(1564,634,3,2,79.0,0),
(1565,634,18,2,89.0,0),
(1566,634,22,1,449.0,0),
(1567,635,3,1,67.15,15),
(1568,635,22,2,449.0,0),
(1569,636,15,1,67.15,15),
(1570,636,23,3,296.65,15),
(1571,637,20,1,179.0,0),
(1572,638,7,1,426.55,5),
(1573,638,3,1,79.0,0),
(1574,639,2,3,799.0,0),
(1575,639,14,2,99.0,0),
(1576,640,14,1,99.0,0),
(1577,640,4,2,349.0,0),
(1578,640,8,1,236.55,5),
(1579,640,7,3,449.0,0),
(1580,641,22,2,381.65,15),
(1581,642,25,1,24.65,15),
(1582,642,20,3,161.1,10),
(1583,642,16,1,449.0,0),
(1584,643,3,3,75.05,5),
(1585,643,11,2,17.1,10),
(1586,643,1,3,1019.15,15),
(1587,643,20,1,161.1,10),
(1588,644,8,1,224.1,10),
(1589,644,24,1,49.0,0),
(1590,644,14,1,99.0,0),
(1591,645,5,3,199.0,0),
(1592,645,9,3,379.05,5),
(1593,645,11,3,19.0,0),
(1594,646,7,1,381.65,15),
(1595,646,18,1,75.65,15),
(1596,647,15,1,79.0,0),
(1597,647,21,2,799.0,0),
(1598,648,17,2,594.15,15),
(1599,648,3,2,79.0,0),
(1600,649,20,2,179.0,0),
(1601,649,8,3,236.55,5),
(1602,650,13,2,141.55,5),
(1603,650,6,3,809.1,10),
(1604,650,16,3,426.55,5),
(1605,651,20,3,152.15,15),
(1606,651,18,1,89.0,0),
(1607,651,5,2,189.05,5),
(1608,652,11,1,16.15,15),
(1609,653,17,3,594.15,15),
(1610,654,13,3,134.1,10),
(1611,654,16,1,426.55,5),
(1612,654,10,1,129.0,0),
(1613,655,21,3,759.05,5),
(1614,655,23,2,296.65,15),
(1615,655,12,1,59.0,0),
(1616,655,2,2,799.0,0),
(1617,656,20,1,179.0,0),
(1618,656,15,1,71.1,10),
(1619,656,22,3,381.65,15),
(1620,657,23,1,331.55,5),
(1621,657,19,1,37.05,5),
(1622,657,3,2,67.15,15),
(1623,657,17,2,629.1,10),
(1624,658,25,3,26.1,10),
(1625,658,24,2,49.0,0),
(1626,658,3,2,67.15,15),
(1627,658,4,1,296.65,15),
(1628,659,25,3,27.55,5),
(1629,660,6,1,764.15,15),
(1630,660,12,1,59.0,0),
(1631,661,6,1,764.15,15),
(1632,661,7,1,449.0,0),
(1633,662,21,1,799.0,0),
(1634,662,20,1,170.05,5),
(1635,662,4,1,349.0,0),
(1636,662,6,1,899.0,0),
(1637,663,7,3,449.0,0),
(1638,664,16,2,449.0,0),
(1639,664,25,2,24.65,15),
(1640,664,11,2,19.0,0),
(1641,664,20,1,179.0,0),
(1642,665,4,3,331.55,5),
(1643,665,1,3,1199.0,0),
(1644,665,15,1,71.1,10),
(1645,666,15,3,75.05,5),
(1646,666,20,3,170.05,5),
(1647,666,22,3,449.0,0),
(1648,667,22,3,426.55,5),
(1649,667,15,2,67.15,15),
(1650,667,8,3,249.0,0),
(1651,668,10,1,116.1,10),
(1652,668,20,3,152.15,15),
(1653,668,7,3,449.0,0),
(1654,668,23,1,331.55,5),
(1655,669,15,2,67.15,15),
(1656,669,4,3,349.0,0),
(1657,670,23,2,349.0,0),
(1658,670,1,1,1019.15,15),
(1659,670,6,2,764.15,15),
(1660,670,11,2,16.15,15),
(1661,671,23,2,349.0,0),
(1662,672,13,3,126.65,15),
(1663,672,23,2,296.65,15),
(1664,672,24,3,44.1,10),
(1665,673,10,1,129.0,0),
(1666,674,19,2,39.0,0),
(1667,675,13,2,149.0,0),
(1668,675,14,3,99.0,0),
(1669,676,13,1,134.1,10),
(1670,677,22,2,449.0,0),
(1671,677,15,3,67.15,15),
(1672,677,5,3,199.0,0),
(1673,677,20,3,179.0,0),
(1674,678,21,3,759.05,5),
(1675,678,7,1,449.0,0),
(1676,678,16,1,381.65,15),
(1677,678,10,1,109.65,15),
(1678,679,22,3,426.55,5),
(1679,679,6,2,854.05,5),
(1680,679,1,3,1139.05,5),
(1681,680,10,3,116.1,10),
(1682,680,23,2,349.0,0),
(1683,680,7,1,449.0,0),
(1684,681,21,2,679.15,15),
(1685,681,6,2,899.0,0),
(1686,681,19,1,39.0,0),
(1687,681,5,1,169.15,15),
(1688,682,22,1,426.55,5),
(1689,683,6,3,899.0,0),
(1690,683,2,3,759.05,5),
(1691,683,4,1,296.65,15),
(1692,683,17,3,664.05,5),
(1693,684,10,3,109.65,15),
(1694,684,23,2,296.65,15),
(1695,684,20,3,152.15,15),
(1696,684,6,1,854.05,5),
(1697,685,1,1,1139.05,5),
(1698,685,4,3,296.65,15),
(1699,685,3,3,79.0,0),
(1700,686,19,1,37.05,5),
(1701,687,19,2,39.0,0),
(1702,687,5,3,179.1,10),
(1703,687,4,1,331.55,5),
(1704,688,17,3,629.1,10),
(1705,689,20,1,179.0,0),
(1706,689,23,3,331.55,5),
(1707,690,25,1,26.1,10),
(1708,690,2,2,799.0,0),
(1709,690,3,3,79.0,0),
(1710,691,5,2,179.1,10),
(1711,691,19,2,35.1,10),
(1712,691,16,3,404.1,10),
(1713,691,23,1,296.65,15),
(1714,692,7,1,449.0,0),
(1715,693,9,3,379.05,5),
(1716,693,5,1,179.1,10),
(1717,693,24,2,49.0,0),
(1718,694,3,3,79.0,0),
(1719,694,9,3,399.0,0),
(1720,694,22,1,381.65,15),
(1721,694,14,3,99.0,0),
(1722,695,11,2,19.0,0),
(1723,695,14,3,99.0,0),
(1724,696,11,3,19.0,0),
(1725,697,4,2,349.0,0),
(1726,698,17,2,629.1,10),
(1727,698,24,2,49.0,0),
(1728,699,20,1,179.0,0),
(1729,699,4,2,349.0,0),
(1730,699,2,2,679.15,15),
(1731,700,9,3,359.1,10),
(1732,700,1,3,1199.0,0),
(1733,701,22,2,381.65,15),
(1734,701,20,2,179.0,0),
(1735,702,9,3,399.0,0),
(1736,702,14,2,84.15,15),
(1737,702,17,1,699.0,0),
(1738,703,3,3,79.0,0),
(1739,704,1,3,1199.0,0),
(1740,704,14,2,94.05,5),
(1741,704,22,3,381.65,15),
(1742,704,17,3,629.1,10),
(1743,705,23,2,296.65,15),
(1744,706,22,3,449.0,0),
(1745,706,25,1,29.0,0),
(1746,707,14,2,94.05,5),
(1747,708,18,1,89.0,0),
(1748,708,25,2,27.55,5),
(1749,709,10,3,129.0,0),
(1750,709,21,2,719.1,10),
(1751,710,10,1,129.0,0),
(1752,710,12,3,59.0,0),
(1753,710,4,2,349.0,0),
(1754,711,4,3,349.0,0),
(1755,711,16,1,426.55,5),
(1756,711,1,2,1199.0,0),
(1757,711,5,2,199.0,0),
(1758,712,15,3,75.05,5),
(1759,713,23,1,349.0,0),
(1760,713,7,1,449.0,0),
(1761,713,4,2,331.55,5),
(1762,714,22,2,404.1,10),
(1763,714,9,2,339.15,15),
(1764,714,4,3,349.0,0),
(1765,714,14,2,94.05,5),
(1766,715,4,1,349.0,0),
(1767,715,1,2,1079.1,10),
(1768,716,14,1,94.05,5),
(1769,716,20,2,179.0,0),
(1770,716,24,2,46.55,5),
(1771,717,8,1,249.0,0),
(1772,717,9,3,399.0,0),
(1773,718,19,3,39.0,0),
(1774,718,21,1,799.0,0),
(1775,719,14,3,99.0,0),
(1776,719,1,1,1199.0,0),
(1777,720,17,2,594.15,15),
(1778,721,23,2,349.0,0),
(1779,721,14,1,99.0,0),
(1780,721,8,1,249.0,0),
(1781,722,14,1,99.0,0),
(1782,723,22,1,381.65,15),
(1783,724,24,3,44.1,10),
(1784,724,12,3,59.0,0),
(1785,724,25,1,24.65,15),
(1786,725,5,3,169.15,15),
(1787,726,18,3,89.0,0),
(1788,727,5,1,189.05,5),
(1789,728,15,1,75.05,5),
(1790,728,21,1,759.05,5),
(1791,728,23,2,314.1,10),
(1792,729,10,3,129.0,0),
(1793,729,2,3,799.0,0),
(1794,730,25,2,27.55,5),
(1795,730,17,3,699.0,0),
(1796,730,13,1,149.0,0),
(1797,730,18,1,89.0,0),
(1798,731,10,2,116.1,10),
(1799,731,8,1,249.0,0),
(1800,731,23,1,349.0,0),
(1801,732,2,1,719.1,10),
(1802,732,21,1,799.0,0),
(1803,732,8,3,249.0,0),
(1804,733,14,2,99.0,0),
(1805,733,20,1,152.15,15),
(1806,734,9,3,339.15,15),
(1807,734,1,3,1199.0,0),
(1808,735,8,3,211.65,15),
(1809,735,11,2,19.0,0),
(1810,735,9,2,399.0,0),
(1811,735,7,3,381.65,15),
(1812,736,6,2,764.15,15),
(1813,736,15,1,67.15,15),
(1814,736,7,2,449.0,0),
(1815,736,19,2,39.0,0),
(1816,737,15,2,79.0,0),
(1817,737,21,3,719.1,10),
(1818,738,4,1,296.65,15),
(1819,739,21,1,799.0,0),
(1820,739,20,1,161.1,10),
(1821,740,16,3,426.55,5),
(1822,740,25,1,29.0,0),
(1823,741,21,1,799.0,0),
(1824,741,18,1,80.1,10),
(1825,741,4,2,349.0,0),
(1826,742,8,1,249.0,0),
(1827,743,22,3,381.65,15),
(1828,743,13,1,141.55,5),
(1829,744,20,2,179.0,0),
(1830,745,6,3,899.0,0),
(1831,745,14,3,99.0,0),
(1832,746,4,3,349.0,0),
(1833,746,9,2,339.15,15),
(1834,746,16,1,449.0,0),
(1835,747,3,3,79.0,0),
(1836,747,4,1,349.0,0),
(1837,747,19,2,39.0,0),
(1838,747,14,1,94.05,5),
(1839,748,20,3,179.0,0),
(1840,748,21,2,759.05,5),
(1841,748,11,3,18.05,5),
(1842,748,5,3,179.1,10),
(1843,749,19,3,37.05,5),
(1844,750,7,1,449.0,0),
(1845,751,12,2,56.05,5),
(1846,751,25,1,26.1,10),
(1847,751,5,2,199.0,0),
(1848,752,23,3,349.0,0),
(1849,753,2,3,719.1,10),
(1850,753,23,1,331.55,5),
(1851,753,4,3,349.0,0),
(1852,754,25,2,24.65,15),
(1853,754,6,1,764.15,15),
(1854,755,24,3,49.0,0),
(1855,755,11,2,19.0,0),
(1856,755,15,1,79.0,0),
(1857,755,21,3,799.0,0),
(1858,756,22,2,404.1,10),
(1859,756,15,3,79.0,0),
(1860,756,18,3,89.0,0),
(1861,756,23,2,349.0,0),
(1862,757,24,2,44.1,10),
(1863,757,7,1,449.0,0),
(1864,758,16,2,449.0,0),
(1865,758,11,1,19.0,0),
(1866,758,21,3,759.05,5),
(1867,758,13,1,149.0,0),
(1868,759,8,2,249.0,0),
(1869,760,7,1,449.0,0),
(1870,760,18,2,89.0,0),
(1871,760,21,3,719.1,10),
(1872,761,11,1,19.0,0),
(1873,762,25,2,29.0,0),
(1874,762,13,3,126.65,15),
(1875,762,24,1,49.0,0),
(1876,763,1,2,1139.05,5),
(1877,763,19,3,39.0,0),
(1878,764,23,1,349.0,0),
(1879,765,5,3,189.05,5),
(1880,765,11,1,16.15,15),
(1881,765,10,3,122.55,5),
(1882,765,12,1,59.0,0),
(1883,766,1,1,1199.0,0),
(1884,767,4,2,349.0,0),
(1885,767,15,1,79.0,0),
(1886,767,11,3,19.0,0),
(1887,767,6,2,899.0,0),
(1888,768,9,1,399.0,0),
(1889,768,25,3,27.55,5),
(1890,768,15,1,79.0,0),
(1891,768,21,2,759.05,5),
(1892,769,12,2,59.0,0),
(1893,769,17,3,664.05,5),
(1894,769,20,3,170.05,5),
(1895,769,11,2,16.15,15),
(1896,770,4,2,349.0,0),
(1897,770,10,3,122.55,5),
(1898,771,15,2,79.0,0),
(1899,771,21,1,799.0,0),
(1900,771,18,3,89.0,0),
(1901,772,3,2,79.0,0),
(1902,772,11,3,16.15,15),
(1903,772,20,2,179.0,0),
(1904,773,21,2,719.1,10),
(1905,773,7,1,404.1,10),
(1906,774,7,3,426.55,5),
(1907,774,2,2,799.0,0),
(1908,774,1,3,1199.0,0),
(1909,774,25,1,29.0,0),
(1910,775,14,2,99.0,0),
(1911,775,17,1,699.0,0),
(1912,775,7,2,449.0,0),
(1913,775,22,2,449.0,0),
(1914,776,18,2,75.65,15),
(1915,776,23,3,331.55,5),
(1916,776,6,1,809.1,10),
(1917,776,14,3,99.0,0),
(1918,777,5,2,199.0,0),
(1919,778,17,2,699.0,0),
(1920,778,24,3,46.55,5),
(1921,778,1,3,1079.1,10),
(1922,779,20,1,179.0,0),
(1923,779,13,1,149.0,0),
(1924,780,10,2,116.1,10),
(1925,781,14,2,99.0,0),
(1926,781,12,1,56.05,5),
(1927,781,18,2,89.0,0),
(1928,781,17,1,629.1,10),
(1929,782,23,1,349.0,0),
(1930,782,20,1,152.15,15),
(1931,782,4,1,314.1,10),
(1932,783,17,2,664.05,5),
(1933,783,19,1,39.0,0),
(1934,783,2,2,719.1,10),
(1935,783,22,2,449.0,0),
(1936,784,14,2,99.0,0),
(1937,784,21,2,799.0,0),
(1938,784,23,3,349.0,0),
(1939,784,24,2,41.65,15),
(1940,785,14,1,99.0,0),
(1941,786,6,1,809.1,10),
(1942,786,19,2,39.0,0),
(1943,786,14,3,84.15,15),
(1944,787,13,3,149.0,0),
(1945,787,11,2,19.0,0),
(1946,788,25,1,29.0,0),
(1947,788,21,1,799.0,0),
(1948,788,9,1,399.0,0),
(1949,788,18,2,89.0,0),
(1950,789,1,3,1019.15,15),
(1951,789,24,2,49.0,0),
(1952,789,5,1,169.15,15),
(1953,789,15,1,79.0,0),
(1954,790,22,1,449.0,0),
(1955,790,2,3,799.0,0),
(1956,790,9,3,359.1,10),
(1957,791,5,2,199.0,0),
(1958,792,4,1,331.55,5),
(1959,792,16,3,449.0,0),
(1960,792,1,1,1019.15,15),
(1961,792,14,2,94.05,5),
(1962,793,6,3,809.1,10),
(1963,794,20,3,152.15,15),
(1964,794,18,2,89.0,0),
(1965,794,1,1,1079.1,10),
(1966,794,6,1,809.1,10),
(1967,795,4,2,349.0,0),
(1968,795,7,1,449.0,0),
(1969,795,1,3,1019.15,15),
(1970,796,12,3,53.1,10),
(1971,797,7,3,449.0,0),
(1972,797,9,2,399.0,0),
(1973,797,6,3,809.1,10),
(1974,797,22,2,449.0,0),
(1975,798,14,2,89.1,10),
(1976,798,20,1,161.1,10),
(1977,798,24,2,46.55,5),
(1978,798,9,1,359.1,10),
(1979,799,6,3,854.05,5),
(1980,799,2,2,719.1,10),
(1981,799,17,3,629.1,10),
(1982,799,9,2,379.05,5),
(1983,800,12,1,59.0,0),
(1984,800,8,3,249.0,0),
(1985,801,11,3,19.0,0),
(1986,802,10,1,129.0,0),
(1987,802,20,3,179.0,0),
(1988,802,7,3,404.1,10),
(1989,802,17,3,699.0,0),
(1990,803,11,2,18.05,5),
(1991,803,7,1,449.0,0),
(1992,803,2,2,799.0,0),
(1993,804,19,2,39.0,0),
(1994,804,1,3,1079.1,10),
(1995,805,2,3,799.0,0),
(1996,805,18,1,84.55,5),
(1997,805,17,1,664.05,5),
(1998,805,11,3,19.0,0),
(1999,806,18,2,84.55,5),
(2000,807,21,1,799.0,0);
INSERT INTO sales_order_items (order_item_id, order_id, product_id, quantity, unit_price_paid, discount_pct) VALUES
(2001,807,4,1,349.0,0),
(2002,807,12,1,59.0,0),
(2003,807,20,1,179.0,0),
(2004,808,18,1,89.0,0),
(2005,808,1,1,1199.0,0),
(2006,808,23,1,349.0,0),
(2007,809,4,3,331.55,5),
(2008,809,5,3,189.05,5),
(2009,809,11,3,19.0,0),
(2010,809,25,3,26.1,10),
(2011,810,25,1,29.0,0),
(2012,810,24,2,49.0,0),
(2013,810,16,3,449.0,0),
(2014,811,3,2,79.0,0),
(2015,812,7,1,404.1,10),
(2016,812,16,3,404.1,10),
(2017,812,4,2,349.0,0),
(2018,812,11,3,18.05,5),
(2019,813,12,2,53.1,10),
(2020,813,13,3,149.0,0),
(2021,814,22,3,381.65,15),
(2022,814,10,1,129.0,0),
(2023,815,1,1,1199.0,0),
(2024,815,15,1,75.05,5),
(2025,816,12,2,59.0,0),
(2026,817,15,2,79.0,0),
(2027,818,10,2,129.0,0),
(2028,818,7,3,449.0,0),
(2029,819,8,1,249.0,0),
(2030,820,9,1,359.1,10),
(2031,821,16,1,449.0,0),
(2032,821,7,3,449.0,0),
(2033,821,6,3,809.1,10),
(2034,822,24,1,49.0,0),
(2035,822,10,3,129.0,0),
(2036,822,23,1,349.0,0),
(2037,822,8,2,236.55,5),
(2038,823,6,2,899.0,0),
(2039,824,19,2,39.0,0),
(2040,824,1,1,1199.0,0),
(2041,824,16,3,381.65,15),
(2042,824,8,2,249.0,0),
(2043,825,15,2,71.1,10),
(2044,825,16,2,381.65,15),
(2045,825,24,2,49.0,0),
(2046,826,17,3,664.05,5),
(2047,826,25,1,29.0,0),
(2048,826,22,3,404.1,10),
(2049,827,12,1,59.0,0),
(2050,827,16,3,381.65,15),
(2051,828,13,1,149.0,0),
(2052,828,21,3,679.15,15),
(2053,829,22,2,404.1,10),
(2054,829,12,2,59.0,0),
(2055,829,11,2,19.0,0),
(2056,830,15,1,79.0,0),
(2057,830,19,2,33.15,15),
(2058,830,12,1,56.05,5),
(2059,830,10,3,129.0,0),
(2060,831,16,2,449.0,0),
(2061,831,10,2,129.0,0),
(2062,831,3,1,79.0,0),
(2063,832,2,2,799.0,0),
(2064,833,23,2,349.0,0),
(2065,834,2,2,799.0,0),
(2066,834,16,3,381.65,15),
(2067,835,20,3,170.05,5),
(2068,835,10,3,129.0,0),
(2069,835,6,3,899.0,0),
(2070,836,10,3,122.55,5),
(2071,836,3,3,79.0,0),
(2072,836,19,2,37.05,5),
(2073,837,14,3,99.0,0),
(2074,837,15,2,79.0,0),
(2075,837,1,1,1079.1,10),
(2076,838,20,3,179.0,0),
(2077,838,18,1,84.55,5),
(2078,839,2,1,799.0,0),
(2079,839,3,3,79.0,0),
(2080,839,9,2,359.1,10),
(2081,839,21,2,679.15,15),
(2082,840,17,3,594.15,15),
(2083,840,5,2,199.0,0),
(2084,841,21,1,759.05,5),
(2085,841,10,3,109.65,15),
(2086,841,24,1,49.0,0),
(2087,842,8,1,249.0,0),
(2088,843,2,2,799.0,0),
(2089,843,4,1,314.1,10),
(2090,843,10,2,116.1,10),
(2091,843,13,3,141.55,5),
(2092,844,5,3,199.0,0),
(2093,844,24,1,44.1,10),
(2094,845,22,2,449.0,0),
(2095,845,4,3,349.0,0),
(2096,845,19,2,37.05,5),
(2097,846,10,2,129.0,0),
(2098,847,21,3,679.15,15),
(2099,848,1,3,1079.1,10),
(2100,848,6,1,899.0,0),
(2101,848,12,3,53.1,10),
(2102,849,21,2,759.05,5),
(2103,849,24,3,49.0,0),
(2104,849,19,2,33.15,15),
(2105,850,16,3,381.65,15),
(2106,850,20,3,152.15,15),
(2107,850,22,3,449.0,0),
(2108,850,6,1,764.15,15),
(2109,851,2,1,679.15,15),
(2110,852,11,1,19.0,0),
(2111,852,25,1,24.65,15),
(2112,852,8,2,236.55,5),
(2113,852,24,1,49.0,0),
(2114,853,20,1,179.0,0),
(2115,853,21,1,679.15,15),
(2116,853,1,2,1139.05,5),
(2117,854,9,2,339.15,15),
(2118,854,16,2,449.0,0),
(2119,855,19,1,33.15,15),
(2120,856,19,1,33.15,15),
(2121,856,18,3,75.65,15),
(2122,856,3,3,71.1,10),
(2123,856,11,2,19.0,0),
(2124,857,20,1,170.05,5),
(2125,857,18,2,75.65,15),
(2126,857,5,2,199.0,0),
(2127,858,4,2,349.0,0),
(2128,859,13,1,149.0,0),
(2129,859,23,2,349.0,0),
(2130,859,12,3,53.1,10),
(2131,860,20,1,161.1,10),
(2132,860,2,2,799.0,0),
(2133,860,18,3,89.0,0),
(2134,860,23,1,349.0,0),
(2135,861,7,3,449.0,0),
(2136,861,18,3,89.0,0),
(2137,862,14,3,84.15,15),
(2138,863,17,2,664.05,5),
(2139,863,8,2,249.0,0),
(2140,863,21,1,799.0,0),
(2141,863,12,1,59.0,0),
(2142,864,2,1,759.05,5),
(2143,864,13,3,141.55,5),
(2144,864,25,3,29.0,0),
(2145,864,23,1,331.55,5),
(2146,865,11,1,19.0,0),
(2147,865,14,1,99.0,0),
(2148,866,24,1,49.0,0),
(2149,867,11,2,17.1,10),
(2150,868,22,3,449.0,0),
(2151,868,4,2,296.65,15),
(2152,868,3,3,79.0,0),
(2153,868,9,1,379.05,5),
(2154,869,17,2,594.15,15),
(2155,869,9,3,359.1,10),
(2156,870,3,3,79.0,0),
(2157,870,7,2,381.65,15),
(2158,870,5,3,199.0,0),
(2159,871,23,3,331.55,5),
(2160,871,15,1,79.0,0),
(2161,872,10,3,122.55,5),
(2162,872,3,2,79.0,0),
(2163,872,2,2,759.05,5),
(2164,872,9,2,399.0,0),
(2165,873,22,2,449.0,0),
(2166,874,25,1,29.0,0),
(2167,874,19,3,35.1,10),
(2168,874,7,2,426.55,5),
(2169,875,18,3,75.65,15),
(2170,875,15,3,71.1,10),
(2171,875,14,2,99.0,0),
(2172,876,9,3,399.0,0),
(2173,877,2,2,679.15,15),
(2174,877,20,2,152.15,15),
(2175,877,9,3,399.0,0),
(2176,877,12,1,59.0,0),
(2177,878,15,2,67.15,15),
(2178,878,1,3,1199.0,0),
(2179,878,2,2,799.0,0),
(2180,878,12,3,59.0,0),
(2181,879,25,1,29.0,0),
(2182,879,9,3,399.0,0),
(2183,879,16,1,404.1,10),
(2184,880,19,3,39.0,0),
(2185,880,11,1,16.15,15),
(2186,880,2,2,799.0,0),
(2187,880,18,1,75.65,15),
(2188,881,4,2,349.0,0),
(2189,881,3,3,79.0,0),
(2190,881,17,1,699.0,0),
(2191,882,10,3,129.0,0),
(2192,882,5,2,189.05,5),
(2193,882,1,3,1199.0,0),
(2194,882,11,2,19.0,0),
(2195,883,19,1,35.1,10),
(2196,883,1,1,1199.0,0),
(2197,884,13,1,126.65,15),
(2198,884,19,3,39.0,0),
(2199,885,8,3,224.1,10),
(2200,886,17,1,629.1,10),
(2201,887,9,2,399.0,0),
(2202,887,7,2,449.0,0),
(2203,887,19,2,39.0,0),
(2204,888,24,2,44.1,10),
(2205,888,14,3,99.0,0),
(2206,888,12,2,50.15,15),
(2207,888,3,2,71.1,10),
(2208,889,22,2,449.0,0),
(2209,889,19,2,39.0,0),
(2210,889,5,1,199.0,0),
(2211,889,20,2,170.05,5),
(2212,890,6,1,899.0,0),
(2213,890,15,1,75.05,5),
(2214,891,5,1,189.05,5),
(2215,892,14,3,89.1,10),
(2216,892,12,1,50.15,15),
(2217,892,5,2,199.0,0),
(2218,892,13,2,149.0,0),
(2219,893,15,2,67.15,15),
(2220,893,14,2,99.0,0),
(2221,893,21,2,679.15,15),
(2222,894,1,3,1199.0,0),
(2223,894,19,3,33.15,15),
(2224,895,25,2,27.55,5),
(2225,895,4,2,349.0,0),
(2226,895,8,3,224.1,10),
(2227,896,13,1,149.0,0),
(2228,896,11,1,16.15,15),
(2229,896,25,3,29.0,0),
(2230,897,10,2,129.0,0),
(2231,897,6,2,854.05,5),
(2232,897,4,1,349.0,0),
(2233,898,22,1,449.0,0),
(2234,898,9,1,359.1,10),
(2235,899,16,1,449.0,0),
(2236,900,10,2,122.55,5),
(2237,900,4,2,349.0,0),
(2238,900,23,1,349.0,0),
(2239,900,15,3,67.15,15),
(2240,901,24,2,49.0,0),
(2241,901,3,3,79.0,0),
(2242,902,14,1,84.15,15),
(2243,903,8,1,224.1,10),
(2244,904,16,3,426.55,5),
(2245,904,6,2,899.0,0),
(2246,905,14,1,94.05,5),
(2247,906,20,3,179.0,0),
(2248,906,13,3,149.0,0),
(2249,906,21,2,719.1,10),
(2250,907,21,3,759.05,5),
(2251,907,13,2,149.0,0),
(2252,907,20,1,179.0,0),
(2253,907,12,2,56.05,5),
(2254,908,6,2,899.0,0),
(2255,909,16,1,449.0,0),
(2256,909,20,2,179.0,0),
(2257,909,14,3,99.0,0),
(2258,909,22,2,449.0,0);

-- product_returns
INSERT INTO product_returns (return_id, order_item_id, return_date, reason) VALUES
(1,1324,'2024-08-11','Change d''avis'),
(2,1072,'2024-07-08','Ne convient pas'),
(3,1301,'2024-08-10','Defectueux'),
(4,1685,'2024-11-02','Defectueux'),
(5,1604,'2024-11-02','Change d''avis'),
(6,1811,'2024-11-18','Defectueux'),
(7,1742,'2024-11-25','Ne convient pas'),
(8,1633,'2024-10-26','Change d''avis'),
(9,1068,'2024-07-02','Erreur de commande'),
(10,224,'2024-02-26','Change d''avis'),
(11,1100,'2024-07-16','Defectueux'),
(12,1989,'2024-12-16','Erreur de commande'),
(13,897,'2024-06-18','Ne convient pas'),
(14,1392,'2024-09-01','Erreur de commande'),
(15,187,'2024-02-28','Change d''avis'),
(16,1264,'2024-08-09','Erreur de commande'),
(17,1834,'2024-12-04','Defectueux'),
(18,1679,'2024-11-06','Change d''avis'),
(19,907,'2024-06-22','Erreur de commande'),
(20,683,'2024-05-13','Erreur de commande'),
(21,2196,'2024-12-31','Ne convient pas'),
(22,845,'2024-06-06','Defectueux'),
(23,452,'2024-04-07','Change d''avis'),
(24,1351,'2024-08-26','Defectueux'),
(25,530,'2024-04-17','Ne convient pas'),
(26,2211,'2024-12-31','Defectueux'),
(27,82,'2024-02-05','Ne convient pas'),
(28,87,'2024-02-07','Erreur de commande'),
(29,1554,'2024-10-18','Defectueux'),
(30,370,'2024-03-20','Erreur de commande'),
(31,1366,'2024-08-24','Defectueux'),
(32,1445,'2024-09-13','Ne convient pas'),
(33,260,'2024-02-25','Change d''avis'),
(34,202,'2024-02-29','Ne convient pas'),
(35,2125,'2024-12-23','Ne convient pas'),
(36,863,'2024-06-08','Change d''avis'),
(37,1484,'2024-10-05','Ne convient pas'),
(38,2194,'2024-12-28','Change d''avis'),
(39,813,'2024-05-29','Change d''avis'),
(40,644,'2024-05-01','Erreur de commande'),
(41,2195,'2024-12-31','Defectueux'),
(42,1621,'2024-10-31','Change d''avis'),
(43,940,'2024-06-10','Erreur de commande'),
(44,1189,'2024-07-23','Change d''avis'),
(45,662,'2024-05-11','Change d''avis'),
(46,1532,'2024-10-09','Ne convient pas'),
(47,1358,'2024-08-26','Change d''avis'),
(48,1694,'2024-11-16','Defectueux'),
(49,884,'2024-06-03','Change d''avis'),
(50,1019,'2024-06-20','Change d''avis'),
(51,56,'2024-01-24','Defectueux'),
(52,148,'2024-02-09','Defectueux'),
(53,83,'2024-01-29','Ne convient pas'),
(54,2157,'2024-12-31','Defectueux'),
(55,420,'2024-03-20','Change d''avis'),
(56,2055,'2024-12-29','Ne convient pas'),
(57,1630,'2024-11-08','Change d''avis'),
(58,1987,'2024-12-11','Change d''avis'),
(59,174,'2024-02-19','Defectueux'),
(60,643,'2024-05-01','Defectueux'),
(61,1160,'2024-07-25','Erreur de commande'),
(62,1235,'2024-08-01','Erreur de commande'),
(63,100,'2024-02-13','Erreur de commande'),
(64,943,'2024-06-28','Ne convient pas'),
(65,1013,'2024-06-21','Erreur de commande'),
(66,139,'2024-02-19','Ne convient pas'),
(67,1116,'2024-07-20','Erreur de commande');
